title,intro,order,votes,ingredientes,url,comensales,duración,para,dificultad,coste,types
BOQUERONES A LA PLANCHA CON JULIANA ESPECIAL,,"['1\nPreparar el aliño: lavar bien los cítricos y secar con un paño; rallar la cáscara en juliana fina (sin la parte blanca para no amargar) con un rallador especial o cortando la piel con un cuchillo bien afilado y después en tiras finas.', '2\nColocar sobre un cuenco de cristal y añadir el aceite.', '3\nDejar reposar al menos 1 hora a temperatura ambiente, removiendo el conjunto de vez en cuando.', '4\nExprimir los cítricos y reservar aparte el jugo obtenido.', '5\nPicar la cebolleta y el ajo lo más fino posible; poner en una sartén con un poco de aceite macerado y colado, y sofreír 10 minutos a fuego suave; retirar del fuego y añadir la juliana y la mostaza, removiendo con varillas hasta mezclarlo bien.', '6\nReservar esta salsa para cubrir los boquerones a la plancha.', '7\nLavar los boquerones y secar con papel de cocina.', '8\nEspolvorear de pimienta y sal gorda, y colocar sobre una fuente, rociándolas con parte del aceite macerado por ambos lados (se pueden dejar de un día para otro, así preparados).', '9\nEn ese momento se pasan por una plancha bien caliente, pinceladas con aceite, hasta que se doren.', '10\nColocar sobre la fuente de presentación y cubrir con la salsa de cítricos.']","Valoración: 3,3 (9 votos)","['16 boquerones medianos abiertos sin espinas', '1 cebolleta', '1 diente de ajo', '1 naranja', '1 limón', '1 lima', '1 cucharadita mostaza de grano', '1 vaso de aceite de oliva', 'Sal gorda', 'Pimienta']",https://www.recetasgratis.net/receta-de-boquerones-a-la-plancha-con-juliana-especial-29523.html,,,,,,
SOLOMILLO CON CREMA DE ANCHOAS,,"['1\nLavar, secar y picar las anchoas.', '2\nPicar los pepinillos y las alcaparras y añadir, junto con las anchoas y el zumo de limón, a la mantequilla.', '3\nBatir todo muy bien y sazonar.', '4\nPaso 2 Poner la mantequilla ya batida sobre un trozo de plástico y envolver en forma de rulo.', '5\nRefrigerar al menos 1 hora.', '6\nPaso 3 Hacer a la plancha los solomillos, debiendo quedar tiernos por dentro y dorados por fuera.', '7\nPonerlos en una fuente de servir y sazonar.', '8\nCortar el rulo de mantequilla en medallones y colocar uno sobre cada solomillo.', '9\nServir imnediatamente, acompañado de las verduras al vapor.']",Valoración: 3 (10 votos),"['1 lata de anchoas', '1 cucharada pepinillos', '1/2 cucharada alcaparras', '120 g mantequilla en pomada', 'zumo de 1/2 limón', '4 trozos de solomillo de buey o vaca', '60 ml aceite', 'sal', 'pimienta recién molida', 'guisantes', 'zanahorias al vapor como guarnición']",https://www.recetasgratis.net/receta-de-solomillo-con-crema-de-anchoas-29481.html,,,,,,
LENGUADO RELLENO DE ESPINACAS Y NUECES,,"['1\nLavar las espinacas en varias aguas, quitándole los tallos arenosos, y picar en juliana fina.', '2\nSi fueran congeladas, dejarlas el día anterior a descongelar en un colador, para que pierdan todo el agua. Pelar y picar el puerro muy fino.', '3\nPonerlo en una sartén con aceite y las nueces picadas; en 2 o 3 minutos, añadir la mitad de las espinacas crudas y rehogar conjuntamente unos 5 minutos más.', '4\nSalar ligeramente y dejar enfriar. Limpiar el lenguado eliminando la piel y las espinas, dejando los 4 lomos enteros y limpios, o comprarlo ya preparado.', '5\nSalpimentar los lomos y reservar en una besuguera refractaria, dándole la forma del pescado.', '6\nPreparar la crema de espinacasde este modo: en un cazo poner la mantequilla a fundir y la maizena, y remover continuamente con varillas.', '7\nAñadir la leche poco a poco para que no se formen grumos y dejar cocer lentamente 5 minutos; echar las espinacas crudas y dejarlo cocer de nuevo 10 minutos más.', '8\nSin dejar de mover la crema con una cuchara. Sazonar con sal y nuez moscada y pasar ligeramente la salsa por un batidor.', '9\nRellenar el pescado, uniendo bien los dos lomos de abajo, y repartir bien las espinacas; colocar los otros dos lomos encima, apretándolos bien.', '10\nCubrir con la crema anterior. Repartir el queso por encima y gratinar 10 minutos a horno (precalentado a 200°). Servir enseguida.']","Valoración: 3,3 (9 votos)","['2 cucharadas nueces picadas', '1 lenguado de 800 gr o similar (lenguadina, gallo)', '1 paquete de espinacas congeladas o frescas preferiblemente', '1 puerro', '50 g mantequilla', '2 cucharaditas aceite de oliva', '1/2 l leche', '1 cucharada maizena', 'Pimienta blanca', 'Nuez moscada', 'Sal', 'Dos cucharadas de queso parmesano para gratinar']",https://www.recetasgratis.net/receta-de-lenguado-relleno-de-espinacas-y-nueces-29476.html,,,,,,
BOQUERONES REBOZADOS EN MAYORNESA DE HIERBAS,,"['1\nComprar los boquerones abiertos y limpios, sin espina central.', '2\nEn casa, lavarlos bajo el agua fría, y dejar escurrir, secándolos con un papel de cocina.', '3\nCortarlos longitudinalmente, sacando 2 filetes de cada boquerón; luego colocarlos sobre una fuente y rociarlos con el vinagre, sal y pimienta.', '4\nDejarlos durante 1 hora macerándose.', '5\nPreparar la mayonesa: en un vaso mezclador poner el huevo entero y batir añadiendo el aceite en forma de hilo, hasta lograr una mayonesa bien gorda; añadirle hojas limpias de cilantro y perejil al gusto, el diente de ajo (sin el corazón) y el zumo de limón.', '6\nAñadir sal y batir de nuevo, hasta que se vuelva de color verde. Probar el punto de sal.', '7\nPicar unas alcaparras finitas y añadir a la mayonesa, mezclando con una cucharita.', '8\nReservar ahora en un cuenco pequeño en la nevera. Escurrir los boquerones y pasarlos por harina, que se tendrá en un plato; enseguida batir las claras a punto de nieve con un tenedor, y añadirles la yema; rebozar los boquerones en las claras y por último, en el pan rallado, apretando bien para que sea uniforme (si fuera necesario empanarlo 2 veces, para que quede bien crujiente).', '9\nLuego calentar una sartén honda con abundante aceite y, cuando comience a humear, ir friendo los boquerones poco a poco, dejándolos flotar en la sartén hasta que estén bien dorados (mejor si es en una freidora, pues la temperatura del aceite es muy importante para que el pescado quede crujiente).', '10\nDejar escurrir sobre papel absorbente y servir en una fuente, con una blonda cubierta con el cuenco de mayonesa en el centro.']","Valoración: 3,3 (9 votos)","['600 g boquerones', '1 huevo', '2 claras', 'Harina para rebozar', 'Pan rallado suficiente (si fuera casero, mejor)', '1/2 vasito de vinagre de fino', 'Sal y pimienta negra', 'Aceite de oliva para freír', '1 huevo', '1 vaso de aceite de girasol', 'Zumo de 1/2 limón', 'Un manojo de perejil y de cilantro', '1 diente de ajo', '1 cucharada alcaparras', 'Sal']",https://www.recetasgratis.net/receta-de-boquerones-rebozados-en-mayornesa-de-hierbas-29477.html,,,,,,
ROLLO DE SALMÓN EN SALSA DE COCO,,"['1\nPelar la cebolleta, picar muy menudo, y dejarlo en un cuenco; raspar y rallar la zanahoria en hilos muy finos. A continuación, en una sartén, fundir la mantequilla con las pasas y retirar del calor, mezclar con las verduras picadas y el pan rallado y mezclarlo bien.', '2\nRetirar todas las espinas del salmón y, con un cuchillo bien afilado, abrirlo longitudinalmente, con cuidado de no romper la pieza del pescado para dejarlo más fino. Salpimentar y colocar sobre un trozo amplio de papel aluminio (repetir lo mismo con el otro lomo). Rellenar con la mezcla anterior el pescado, aplanándolo bien y formar 2 rollos, envolviéndolo en el papel de aluminio. Apretar los bordes como si fuese un caramelo. Introducir en el horno precalentado a 200° y asarlo durante 20 minutos. Retirar luego del horno y dejar reposar sin desenvolverlo, hasta el momento de servirlo.', '3\nMientras se cocina el pescado, preparar la salsa; para ello, poner la leche en un cazo a reducir a fuego suave; pasados 5 minutos, agregar el coco y el eneldo y dejar que espese ligeramente, removiendo con una cuchara para que no se pegue. Añadir un poco de sal y mantenerla templada. Retirar el papel de aluminio y cortar el pescado en lonchas de 1 dedo de grosor, colocándolo en la fuente de presentación; cubrir con la salsa caliente y servir, adornándolo con eneldo en rama.']","Valoración: 3,3 (9 votos)","['600-700 gramos salmón fresco (la parte de la cola en dos lomos)', '1 cebolleta', '1 zanahoria mediana', '1 cucharada pan rallado', '25 gramos mantequilla', '1 bote de leche evaporada o 200 ml de nata líquida', '2 cucharadas coco rayado', '2 cucharada pasas de corinto', 'pimienta negra', 'eneldo en rama', 'sal']",https://www.recetasgratis.net/receta-de-rollo-de-salmon-en-salsa-de-coco-29475.html,,,,,,
TRUCHA DE RÍO EN SALSA DE ALMENDRAS,,"['1\nLavar y destripar las truchas; secarlas perfectametne con papel absorbente y sazonar con sal y pimienta blanca.', '2\nRebozar en harina y freírlas en una sartén con aceite de oliva; hasta que estén bien doradas. Ponerlas en una fuente de horno y reservar.', '3\nPelar el puerro y la cebolla y picar en juliana; echarlo en una sartén; añadir la panceta cortada en cubitos y la zanahoria.', '4\nRehogar todo conjuntamente con dos cucharadas de aceite durante 15 minutos. Machacar las almendras en un mortero y añadirlas a la sartén.', '5\nRemover con una cuchara e incorporar las yemas de huevo desleídas en una taza de caldo.', '6\nCocer cinco minutos a fuego suave y rectificar el punto de sal.', '7\nCubrir con esta salsa la fuente de horno con las truchas e introducir en el horno precalentado a 200 °C 10 minutos antes de servir. Espolvorear de perejil picado al sacar del horno.']","Valoración: 3,1 (10 votos)","['4 truchas de río', '150 g panceta fresca', '1 puerro', '1 cebolla fresca', '2 cucharadas almendras', 'Harina para rebozar', 'Aceite de oliva', '2 yemas de huevo cocidas', 'Caldo vegetal', 'Sal', 'Pimienta blanca', 'Perejil picado']",https://www.recetasgratis.net/receta-de-trucha-de-rio-en-salsa-de-almendras-29391.html,,,,,,
Bonito en salsa de perdiz con salsa de tomate,,"['1\nLimpiar el pescado eliminando la piel y espinas y dejando la carne en cuatro trozos. Pelar las zanahorias, la chalota, los ajos y el nabo.', '2\nDespepitar el tomate y quitarle la piel, poner todo junto y entero en una cazuela de fondo grueso con el aceite; calentar a fuego suave y dejar rehogar durante 10 minutos.', '3\nAñadir el pescado y sazonar con las hierbas, agregando también los clavos, los granos de pimienta y el laurel. Salar y tapar lacazuela durante 15 minutos.', '4\nRegar con el vinagre y dejar estofar a fuego muy suave otros 15 minutos aproximadamente. Antes de servir el plato, pasar la salsa por un chino, dejando las zanahorias enteras.', '5\nAcompañar el pescado con esta salsa bien caliente, este plato es conveniente dejarlo dos o tres días en reposo.', '6\nPara hacerlo en conserva utilizar un frasco esterilizado, colocando primero el pescado y después cubrirlo con el aceite colado.']","Valoración: 3,3 (9 votos)","['1 rodaja de bonito de 700 g', '2 zanahorias medianas', '2 chalotas', '1 tomate rojo', '2 dientes de ajo', '1 nabo', '1 vasito de aceite de oliva', '1/2 vasito de vinagre suave', '1 cucharadita hierbas aromáticas (tomillo, orégano, romero)', '2 clavos', '4 granos de pimienta negra', 'Una hoja de laurel', 'Sal']",https://www.recetasgratis.net/receta-de-bonito-en-salsa-de-perdiz-con-salsa-de-tomate-29346.html,,,,,,
Bolitas de bacalao y patata,"Las bolitas de bacalao son un entrante perfecto ya que son un aperitivo fácil y rápido de hacer. Sigue atento las instrucciones que te mostramos en RecetasGratis y descubre cómo hacer bolas de bacalao y patata riquísimas y, si quieres una receta más completa, puedes echar un vistazo a otra versión similar con la de croquetas de bacalao y perejil, que están también riquísimas.","['1\nDesalar el bacalao poniéndolo a remojo en agua fría 24 horas antes, cambiar el agua varias veces, lavando bien el bacalao cada vez. Cocer durante 10 minutos y dejar escurrir.', '2\nEn otro cazo aparte ponemos a hervir agua con sal y laurel; cuando estén en ebullición se echan las patatas previamente lavadas enteras o cortadas en trozos y se cuecen hasta que estén blandas. Retirar con una espumadera y dejar enfriar.\nTruco: Si cortas las patatas en trozos se cocerán antes y ahorrarás tiempo en la elaboración de las bolas de bacalao y patata.', '3\nLimpiar el bacalao de piel y espinas y desmigarlo, y pelar las patatas que trituraremos con un pasapurés o aplastaremos con un tenedor.', '4\nAparte, pelar y picar fina la cebolla, ponerla en una sartén con aceite a rehogar, y añadir el ajo prensado y las migas de bacalao.', '5\nRemover con una cuchara e incorporar el puré de patata y dos o tres cucharadas de perejil picado; darle vueltas continuamente para ligar bien la mezcla de las bolitas de patata y bacalao a fuego muy lento.', '6\nAñade por último la mantequilla y la harina. Pasados 10 minutos retirar la masa de las bolas de patata y bacalao del fuego y deja enfriar.', '7\nBatir los huevos e incorporarlos a la masa de bacalao, muy poco a poco. La mezcla debe quedar bien compacta pero jugosa y de color dorado.\nTruco: Se podría añadir otro huevo en caso de ser necesario.', '8\nFormar bolitas de bacalao, a modo de buñuelos, con la ayuda de dos cucharillas y fríelas en abundante aceite caliente.', '9\nEscurrir sobre papel absorbente y servir las bolitas de bacalao bien calientes como aperitivo. Puedes acompañar con queso crema, una salsa fría de yogur o una salsa tártara por ejemplo.']","Valoración: 3,3 (10 votos)","['350 gramos de bacalao', '2 patatas', '1 cebolla', '1 diente de ajo', '2 cucharadas soperas de harina de maíz o maicena', '2 huevos', '2 cucharadas soperas de aceite', '30 gramos de mantequilla', '1 manojo de perejil', '1 pizca de sal', 'Aceite']",https://www.recetasgratis.net/receta-de-bolitas-de-bacalao-29307.html,4 comensales,30m,Entrante,Dificultad baja,,[]
LUBINA CON MUSELINA AL CAVA,,"['1\nLavar y secar cuidadosamente los lomos de pescado; dejarlos sobre un papel de cocina y salpimentar. Poner la mantequilla a fundir al baño María, en un cazo hondo; exprimir el limón y agregarlo, poco a poco removiendo con varillas, añadir la maizena para asegurar que la salsa no se corte.', '2\nAñadir una yema, incorporándola muy despacio y después la siguiente hasta terminarlas, removiendo suavemente en el mismo sentido siempre. Dejar cocer al baño María suave hasta que espese ligeramente la crema y echar un poco de sal. Abrir el botellín de cava y batiendo cuidadosamente, mezclando con la crema hasta lograr una salsa espumosa. Dejar de remover y mantener templada al baño María hasta que la utilicemos.', '3\nPoner una olla con agua a hervir y cocer los lomos al vapor, dos o tres minutos, tapando la olla. Retirar con cuidado los lomos con una espumadera y colocarlos en platos individuales. Cubrir perfectamente con la salsa de cava y adornar con una ramita de albahaca fresca.']","Valoración: 3,3 (9 votos)","['4 lomos de lubina de 200 gramos cada uno', '4 yemas de huevo', '150 gramos de mantequilla', '1 limón', '1 cucharadita maizena (optativa)', '1 botellín de cava', 'rama de albahaca', 'sal', 'pimienta negra recién molida']",https://www.recetasgratis.net/receta-de-lubina-con-muselina-al-cava-29305.html,,,,,,
Palometa guisada al horno,,"['1\nLimpiar la palometa y quitarle la cabeza lavándola bajo el chorro de agua fría; secar y escurrir sobre el papel absorbente y reservar en la nevera.', '2\nPelar y picar las chalotas en finos aros y cortar los tallos del puerro y los pimientos en juliana.', '3\nRaspar las zanahorias y cortarlas en rodajitas; laminar los ajos y las patatas.', '4\nEscaldar los tomates, pelarlos y cortarlos en ruedas.', '5\nEn una sartén con aceite a calentar sofreír las chalotas, el puerro y el ajo, añadir los pimientos y la zanahoria; salar y condimentar con el atado de hierbas y los granos de pimienta.', '6\nTapar y dejar guisar este sofrito durante media hora a fuego muy lento, regándolo con el fino.', '7\nPaso 2 Rellenar una besuguera con las patatas laminadas y las rodajas de tomate; una vez se haya terminado de hacer el guiso retirar del fuego y añadir el aceite resultante, encima de las patatas de la besuguera.', '8\nPaso 3 Calentar el horno a 200° C. Poner la palometa sobre el lecho de patatas y salar ligeramente; cubrirla con el guiso de verduritas.', '9\nTapar la besuguera con papel de aluminio e introducirla en el horno durante 30 minutos aproximadamente; durante la cocción, vigilar la salsa y añadir un poco de caldo si se consumiera, Cuando el pescado esté bien asado servir rápido.']","Valoración: 3,9 (15 votos)","['1 unidad de Palometa', '3 unidades de Chalotas', '2 unidades de Puerro', '1 unidad de Pimiento rojo', '2 unidades de Tomate', '2 dientes de Ajo', '2 unidades de Zanahoria', '2 unidades de Patatas', '1 chorro de Vino blanco seco', '1 manojo de Perejil', '2 hojas de Laurel', '1 rama de Tomillo fresco', '4 cucharadas soperas de Aceite de oliva', '1 pizca de Sal', '1 pizca de Pimienta negra entera']",https://www.recetasgratis.net/receta-de-palometa-guisada-al-horno-29224.html,2 comensales,30m,Plato principal,Dificultad media,,['Recetas al horno']
PUPIETAS DE LENGUADO EN SALSA DE NARANJA,,"['1\nRetirar la piel de los lenguados, tirando desde la cola para obtener los cuatro lomos limpios.', '2\nCortar cada lomo en dos trozos de modo que se pueda enrollar bien (según el ancho del pescado el corte es distinto, aproximadamente el ancho de cada filete debe ser de tres dedos).', '3\nColocar los filetes sobre una tabla de pescado y salpimentar ligeramente. Reservar en la nevera.', '4\nLimpiar y picar en juliana el tallo blanco y verde del puerro; echarlo en una sartén y rehogarlo con dos cucharadas de aceite y una nuez de mantequilla hasta que quede trasparente.', '5\nLavar la cáscara de las naranjas, y sacar algunos rizos, evitando la parte blanca; entonces exprimirlas, reservando el jugo.', '6\nRellenar los filetes de lenguado con una cucharadita del puerro, extendiéndolo por toda la superficie y formar rollitos bien apretados que sellaremos con un tallo de cebollino anudado.', '7\nUna vez hechos todos los rollitos, se pasan ligeramente por harina y se van colocando, bien juntos, en una sartén con aceite y mantequilla fundida dorándolos por ambos lados.', '8\nAl darles la vuelta, los regamos con el vermut y el zumo de naranja y se deja reducir la salsa. Por último, decorar con los rizos de naranja y servir.']","Valoración: 3,3 (9 votos)","['1 lenguado de 700-800 g de peso', '2 o 3 puerros', '5 naranjas grandes de zumo', '1 vasito de vermut blanco', 'Harina para rebozar', '4 cucharadas aceite', '50 g mantequilla', 'Pimienta negra', 'Cebollinos', 'Sal', '1 pizca de azúcar']",https://www.recetasgratis.net/receta-de-pupietas-de-lenguado-en-salsa-de-naranja-29220.html,,,,,,
Colas de rape en salsa americana,"Aprende a cocinar una deliciosa receta de rape en salsa para compartir en familia la comida del domingo. Esta cazuela de pescado en salsa americana es una magnifica preparación, que además de tener una bonita presentación y un buen sabor, es un plato nutritivo ideal para incluir en nuestra dieta.En RectasGratis te enseñamos cómo preparar estas ricas colas de rape en salsa americana, una receta que es mucho más fácil de lo crees y para la que apenas necesitas ingredientes. Primero sellaremos el pescado pasado por harina y luego haremos una salsa suave directamente en la cazuela para intensificar todo el sabor del pescado en nuestro plato.El toque secreto sin duda es el coñac, ya verás como realza todos los sabores y el rape en salsa americana se convierte en uno de tus favoritos.","['1\nEl primer paso de nuestra receta de rape a la americana consiste en cortar las colas de pescado en medallones o tacos de un dedo de grosor más o menos. Cuando tengas todos los trozos, sazona con sal y pimienta al gusto y pasa por harina, retirando la sobrante.Si quieres puedes dejar las colas enteras, pero nosotros hemos preferido cortarlos para facilitar el proceso de cocción.', '2\nCalienta aceite en una sartén, preferiblemente una que sea baja y ancha, y fríe el pescado rebozado por lado y lado. La idea es cocinar todos los trozos hasta que estén ligeramente dorador. Reservar en una cazuela.', '3\nPor otro lado, empieza a pelar y picar la cebolla finamente. También pon a escaldar los tomates para pelarlos con facilidad, cuando lo hagas, desecha también todas las semillas, reservando solo la pulpa.', '4\nRecupera el aceite donde se cocinó el pescado, pasado por un colador para limpiarlo y vuelve a colocar en una sartén para hacer un sofrito con la cebolla.', '5\nCuando empiece a ponerse transparente, añade el tomate y remueve todo con una cuchara de madera. Sazona la salsa americana con sal y pimienta al gusto. Recuerda añadir una pizca de azúcar para nivelar la acidez natural del tomate. Tapa la cazuela y continua con la cocción a fuego bajo durante unos 20 minutos.', '6\nPasado este tiempo, colocar los trozos de rape cuidadosamente dentro de la cazuela, rociar con el coñac y flamearlo hasta que la llama desaparezca. Si prefieres, puedes añadir el coñac previamente quemado en un cacito aparte.\nTruco: También puedes añadir algunas gambas peladas en este paso.', '7\nEspolvorea una cucharadita de tomillo fresco y remueve todo la cazuela, agarrándola por las asas. Remover nuestras colas de rape en salsa americana de esta forma nos ayuda a no destrozar los trozos de pescado.Si ves que se seca mucho puedes añadir un poco más de agua o caldo de pescado.', '8\nDejar cocinar unos 10 minutos a fuego lento para que el pescado no se pase y dejar reposar una hora antes de servir. Estas deliciosa cazuela de colas de rape en salsa americana las puedes acompañar con un poco de arroz blanco.']","Valoración: 3,7 (17 votos)","['500 gramos de Cola de rape', '2 unidades de Cebolla', '4 unidades de Tomate', '1 taza de Harina para rebozar', '1 vaso pequeño de Coñác', '1 rama de Tomillo', '1 pizca de Pimienta blanca', '1 pizca de Sal', '1 pizca de Azúcar', '4 cucharadas soperas de Aceite']",https://www.recetasgratis.net/receta-de-colas-de-rape-en-salsa-americana-29219.html,4 comensales,30m,Plato principal,Dificultad baja,,[]
TRUCHAS EN SALSA DE CHAMPIÑONES,,"['1\nPicar las chalotas y el puerro en juliana. Lavar las truchas y secar sobre un paño. Salpimentar.', '2\nEn una fuente de horno distribuir la juliana de verduras con el aceite y encima las truchas rociadas con el zumo de limón.', '3\nMeter en el horno precalentado a 220 °C y tapado perfectamente con papel de aluminio, para que no se queme el pescado.', '4\nDejarlo durante diez o 15 minutos y dejar reposar fuera del horno, tapado con un paño, para mantenerlas templadas.', '5\nMientras, limpiar los champiñones eliminando el extremo terroso y picarlos en cubos regulares.', '6\nEn una sartén, fundimos la mantequilla, añadimos el ajo prensado y los champiñones, lo rehogamos diez minutos, dejando reducir el líquido.', '7\nIncorporar la nata líquida, la sal y la pimienta, manteniéndolo al fuego hasta que espese la crema.', '8\nEliminar la piel de las truchas y cubrir con la crema de champiñones bien caliente. Espolvorear con perejil y servir de inmediato.']","Valoración: 3,4 (11 votos)","['4 truchas limpias de 250 g cada una', '3 chalotas picadas', '1 puerro', '2 cucharadas aceite de oliva', 'el zumo de un limón', '250 g champiñones', '50 g mantequilla', '1 diente de ajo', '150 ml de nata', 'sal y pimienta blanca', '1 cucharada de perejil picado']",https://www.recetasgratis.net/receta-de-truchas-en-salsa-de-champinones-29139.html,,,,,,
ESCALOPINES DE LENGUADO AL OPORTO,,"['1\nQuitar la piel al lenguado tirando desde la cabeza a la cola; pasar un cuchillo bien afilado por la espina central e ir raspando para sacar los lomos enteros también desde la cabeza hasta la cola.', '2\nUna vez tengamos los lomos, lavarlos y secar con papel eliminando todas las espinas de la parte ancha.', '3\nCortar cada lomo en tres trozos y salpimentar.', '4\nBatir los huevos en un cuenco, pasar los escalopines por harina, eliminando el sobrante y rebozar con huevo.', '5\nPoner una sartén grande al fuego con el aceite y la mantequilla, cuando ésta empiece a derretirse, ir friendo lentamente los escalopines un minuto por cada lado, colocándolos sobre una fuente cuando estén dorados.', '6\nUna vez frito el pescado añadir al aceite, el Oporto y dejar reducir cinco minutos.', '7\nVolver a poner el pescado en la salsa, darle otro hervor suave de dos minutos y colocar sobre una fuente templada, los escalopines montados en línea.', '8\nBatir con varillas la salsa y cubrir con ella los escalopines.', '9\nAdornar con tallos de cebollino largo, formando un enrejado.', '10\nSe acompaña de patatas nuevas torneadas y cocidas al vapor.']","Valoración: 3,3 (9 votos)","['1 lenguado de 700 g', '3 cucharadas aceite de oliva', '700 g mantequilla', '4 cucharadas harina para rebozar', '2 huevos', '1 vaso de oporto dulce o vino de madeira', 'Sal y pimienta blanca o rosa', 'Tallos de cebollino para adornar']",https://www.recetasgratis.net/receta-de-escalopines-de-lenguado-al-oporto-29113.html,,,,,,
Mero en papillote,,"['1\nComprobar que los lomos de mero no tengan espinas ni pieles; lavarlos y dejarlos secar sobre papel absorbente, dándoles forma rectangular.', '2\nLuego, se dobla la parte del lomo más fina para adentro, logrando que todos los lomos sean del mismo tamaño. Salpimentar y reservar en la nevera.', '3\nRaspar las zanahorias y rallarlas, así mismo pelar el puerro y cortarlo en cuadraditos finos. Encender el horno a 250°C.', '4\nCortar cuatro rectángulos de igual tamaño de papel de aluminio de 20 x 15 cm; colocarlos sobre la encimera y distribuir en cada uno de ellos, un montón de puerro picado. Colocar encima dos hojas de laurel y después los lomos del pescado.', '5\nRegar con una cucharada de aceite de oliva y cubrir cada lomo de huevo con una montaña de zanahoria rallada y la nuez de mantequilla encima.', '6\nDoblar el papel aluminio y cerrar los paquetes rectangulares, sellando bien los bordes. Introducirlo en el horno en una bandeja, a 200°C de temperatura y lo retiramos pasado 10 minutos aproximadamente.', '7\nServir inmediatamente, cubriendo ligeramente los envueltos para que llegue humeante a la mesa, es importante que el pescado llegue en su punto. Acompañar de un buen aceite de oliva virgen aromatizado con hierbas.']","Valoración: 3,3 (9 votos)","['4 unidades de Lomos gruesos de mero (180-200 gramos cada uno)', '2 unidades de Zanahorias grandes', '1 unidad de Puerro o cebolleta', '8 hojas de Laurel', '4 cucharadas soperas de Aceite de oliva virgen', '4 unidades de Nueces de mantequilla', '1 pizca de Sal y pimienta negra', 'Aceite virgen para adornar y tallos de cebollino', 'Papel de aluminio para envolver']",https://www.recetasgratis.net/receta-de-mero-en-papillote-29114.html,4 comensales,1h 30m,Plato principal,Dificultad baja,,['Recetas al horno']
MEDALLONES DE RAPE ALANGOSTADO,,"['1\nLimpiar el rape, quitando la piel y las espinas y eliminando el hueso central, dejando los lomos limpios enteros reservar los despojos.', '2\nLavar los dos lomos obtenidos, secando perfectamente con un paño.', '3\nAtar cada lomo, como si fuera una pieza de asado, con bramante de cocina, formando anillos sujetos con un nudo, imitando la cola de una langosta.', '4\nPonerlos sobre una fuente y pincelarlos con el aceite por todos lados y untarlo con el pimentón cubriéndolos bien.', '5\nCocer los despojos del rape y el hueso en una olla grande con abundante agua y una hoja de laurel. Salar y tapar.', '6\nCuando haya hervido 10 minutos, retirar el laurel y meter los lomos y dejarlos cocer en el caldo durante 15 minutos, a fuego mediano.', '7\nPasado este tiempo, se retiran y se dejan enfriar sobre una tabla para trinchar posteriormente, habrán tomado un color rosado.', '8\nMientras, preparamos la salsa rosa mezclando la mayonesa con el resto de ingredientes en un cuenco de cristal. Dejar en la nevera para mantenerla fría y se sirve en salsera aparte. Lavar las hojas de ensalada, centrifugar y colocar sobre una fuente alargada. Cortar los lomos de rape, quitando la cuerda primeramente, en anillos de un dedo de grosor.', '9\nColocarlos en dos filas montadas ligeramente uno detrás de otros. Servir bien frío.']","Valoración: 3,8 (12 votos)","['1 kg rape de la parte central', '4 cucharadas aceite de oliva', '80 g pimentón', 'Sal', 'Una hoja de laurel', 'Hojas verdes para adornar (escarola verde y roja, maché o canónigos)', 'Para la salsa rosa', '250 ml mayonesa casera con limón', '2 cucharadas brandy', '2 cucharadas zumo de naranja', '4 cucharadas ketchup', '1/2 manzana dulce rallada', 'Sal', 'Pimienta blanca o gotas de tabasco']",https://www.recetasgratis.net/receta-de-medallones-de-rape-alangostado-29109.html,,,,,,
MEDALLONES DE SALMÓN EN SALSA DE CALABACÍN,,"['1\nHervir durante tres minutos las lonchas de calabacín, en agua con sal.', '2\nEscurrir y envuelver cada rodaja de pescado con una loncha de calabacín, (reservar el calabacín sobrante), sazonar y fijar con un palillo. Dorar en el aceite la cebolla y el resto del calabacín.', '3\nRegar con el vino y agregar el caldo de verduras.', '4\nDejar cocer a fuego medio bajo durante 20 minutos.', '5\nPasar por la batidora y salpimentar.', '6\nAñadir el zumo de limón. Reservar. En una sartén dorar las rodajas de salmón durante ocho minutos por ambos lados.', '7\nServirlas con la salsa de calabacín y patatas al vapor.', '8\nEspolvorear con eneldo picado.']","Valoración: 3,3 (9 votos)","['500 g calabacines limpios y cortados en lonchas', '800 g rodajas de salmón, sin espinas ni piel', 'sal', 'pimienta', '40 ml aceite de oliva', '1 cebolla, finamente picada', '40 ml vino blanco', '200 ml caldo de verduras', 'el zumo de un limón', '1 cucharada eneldo fresco picado', 'patatas al vapor']",https://www.recetasgratis.net/receta-de-medallones-de-salmon-en-salsa-de-calabacin-29061.html,,,,,,
BONITO EN SALSA ROJA,,"['1\nSOFREIR LOS AJOS ,LA CEBOLLA Y LOS PIMIENTOS CUANDO ESTENPOCHADOS AGREGAR EL VINO Y REDUCIR HECHAR LUEGO LOS MRRONES Y TRITURAR CON BATIDORA SAL Y PIMIENTA HECHAR EL BONITO EN LA SALSA.', '2\n5 MINUTOS.']","Valoración: 3,3 (9 votos)","['1 KL DE BONITO EN RODAJAS ACEITE UN CHORRITO', '6 DIENTES DE AJOS', 'UNA CEBOLLA DOS PIMIENTOS ROJOS', '1 LATA DE PIMIENTOS MORRONES DE 250 GRAMOS', '1 VASO DE VINO BLANCO O TINTO', 'SAL', 'PIMIENTA A GUSTO']",https://www.recetasgratis.net/receta-de-bonito-en-salsa-roja-29000.html,,,,Dificultad media,,
Sardinas con tomate y cebolla,,"['1\nLas sardinas las dejamos en remojo durante unos minutos bajo agua.', '2\nSeguidamente las limpiamos; le quitamos las cabezas y las escamas y sazonamos.', '3\nEn una sartén con aceite las doramos, vuelta y vuelta.', '4\nPosteriormente sólo nos queda hacer una fritura con los ajos, las cebollas y los tomates cuando el tomate se haya disuelto, le añadimos el agua y las sardinas.', '5\nDejamos que hierva unos 7 minutos como mucho y reposar entre 3 y 5 minutos.', '6\nFinalmente sólo nos queda servir a la mesa y espolvorear el perejil picado por encima.']",Valoración: 5 (4 votos),"['2 kilos de sardinas', '2 cebollas', '3 tomates', '3 dientes de ajos', 'Medio vaso de agua', '4 cucharadas de aceite de oliva', 'Un manojo de perejil', 'Sal, al gusto']",https://www.recetasgratis.net/receta-de-sardinas-con-tomate-y-cebolla-28947.html,,,,,,
Salsa de tomates y atún,,"['1\nAbrir la lata de atún y colar sobre una sartén poner a rehogar en el aceite de la lata, el aceite de oliva y la manteca la cebolla con el morrón, y la zanahoria rallada, salpimentar cuando la cebolla este transparente, agregar el puré de tomates, el laurel, el pimentón, dejar espesar la salsa y agregar el atún desmenuzado, las aceitunas y revolver.', '2\nRectificar el condimento de ser necesario dejar a fuego mínimo unos minutos.', '3\nApagar el fuego y agregar las alcaparras']","Valoración: 4,2 (22 votos)","['1 lata grande de atún en aceite', '1 caja de puré de tomates', '1 cebolla grande picada', '100g de aceitunas negras picadas', '1 morrón picado', '1 zanahoria rallada', '2 hojas de laurel', '100cc de aceite de oliva', '25g de manteca', 'Sal', 'pimienta a gusto', '1 cucharada de alcaparras']",https://www.recetasgratis.net/receta-de-salsa-de-tomates-y-atun-28923.html,,,,,,
Espirales con salmón ahumado,,"['1\nCocemos las espirales en agua hirviendo con sal durante 10 minutos y, una vez cocidas, las escurrimos y reservamos.', '2\nPicamos la cebolleta fresca en brunoise (picadito fino) y la cocinamos a fuego suave con el aceite de oliva.', '3\nAñadimos la nata líquida para cocinar y el vino y dejamos hervir el conjunto durante 1 minuto.', '4\nCortamos el salmón ahumado en dados pequeños y lo calentamos un poco en un sartén aparte.', '5\nIncorporamos el salmón a la salsa y añadimos pimienta negra al gusto.', '6\nServimos la salsa sobre las espirales cocidas y calientes, espolvoreando con el queso gruyere rallado.']","Valoración: 4,4 (7 votos)","['250 g de espirales de pasta.', '200 g de salmón ahumado .', '4 dl de nata líquida para cocinar.', '1 vasito de vino blanco.', '4 cucharadas de aceite de oliva virgen.', 'Una pizca de pimienta negra molida.', '60 g de queso gruyer rallado.']",https://www.recetasgratis.net/receta-de-espirales-con-salmon-ahumado-28865.html,,,,,,
Salmón ahumado con salsa tártara y alcaparras,,"['1\nPicamos los pepinillos, la cebolleta, el huevo cocido y el diente de ajo muy fino.', '2\nMezclamos todo en un bol con la mayonesa y las alcaparras.', '3\nRellenamos las láminas de salmón con la salsa y servimos en un plato previamente enfriado en la nevera.']","Valoración: 3,9 (11 votos)","['400 gramos de salmón ahumado', 'Para la salsa tártara', '200 gramos de mayonesa', '1 cucharada de alcaparras', '4 pepinillos', '1 cebolleta', '1 diente de ajo', '1 huevo cocido']",https://www.recetasgratis.net/receta-de-salmon-ahumado-con-salsa-tartara-y-alcaparras-28605.html,,,,,,
Pastel de atún y verduras sin nata,"¡Nos encanta el pastel de atún! Con masa de hojaldre, con rebanadas de pan de molde, al microondas, ¡de todas las formas posibles! Por ello, en esta ocasión hemos elaborado una increíble y sencilla tarta salada de atún con verduras sin crema de leche, ¿qué te parece la idea?Si dispones de microondas, no lo dudes y reúne todos los ingredientes para empezar a preparar la receta lo antes posible. Como podrás comprobar, se trata de un entrante muy fácil y rápido de hacer, ideal para cualquier ocasión y momento del día. Quédate en RecetasGratis y conoce cómo hacer pastel de atún y verduras sin nata paso a paso, ¡te sorprenderá!","['1\nPara empezar a preparar el pastel de atún sin nata, batimos ligeramente los huevos y, luego, los pasamos por la batidora junto con el atún escurrido, las rebanadas de pan, el coñac, la salsa de tomate, sal y pimienta al gusto. El resultado debe ser una crema homogénea y suave.', '2\nAparte, picamos las zanahorias cocidas y las judías verdes. Luego, cogemos un molde apto para microondas y distribuimos por la base las verduras troceadas. Sobre ellas, agregamos la crema anterior y la repartimos de forma uniforme.', '3\nIntroducimos el pastel de atún y verduras en el microondas durante 12-14 minutos al 75% de su potencia. Cuando esté listo, dejamos que se enfríe y lo retiramos del molde.', '4\nServimos el pastel de atún y verduras sin nata acompañado cubriendo la parte superior con mayonesa si queremos y decorando con unos pepinillos o, incluso, zanahoria y judías verdes picadas. Se puede servir a modo de aperitivo, entrante o plato principal acompañado de una ensalada de queso de cabra y rebanadas de pan casero, por ejemplo.']","Valoración: 3,3 (6 votos)","['100 gramos de Atún en aceite', '2 Huevos', '2 rebanadas de Pan de molde sin corteza', '50 gramos de Salsa de tomate', '1 chorro de Coñac', '1 pizca de Sal', '1 pizca de Pimienta', '50 gramos de Zanahorias cocidas', '50 gramos de Judías verdes cocidas', '1 bote de Mayonesa (cantidad necesaria)']",https://www.recetasgratis.net/receta-de-pastel-de-atun-y-verduras-sin-nata-28575.html,4 comensales,30m,Entrante,Dificultad baja,,[]
Pastel de mero con pimientos del piquillo y aceitunas,,"['1\nQuitamos las espinas y piel del mero y desmenuzamos.', '2\nMezclamos con la batidora el pescado con los huevos batidos, la nata, una pizca de sal y pimienta.', '3\nVertemos parte de la mezcla en un molde rectangular, como los de hacer Plum Cake, untado de mantequilla.', '4\nHacemos una capa con pimientos del piquillo cortados en tiras finas o simplemente abiertos y sin pepitas.', '5\nVertemos otro poco de la mezcla líquida y posteriormente formamos 3 hileras de aceitunas deshuesadas.', '6\nTerminamos con el resto de la mezcla liquida e introducimos el molde en el horno previamente calentado a 200 ° C hasta que se cuaje (aproximadamente unos 45 minutos) Para saber si está cocinado pinchamos con un aguja, si sale limpia es que está cuajado.', '7\nDesmoldamos y cortamos en rodajas gruesas de manera que al cortarse de forma transversal se ve en el corte las tiras de pimientos del piquillo y las rodajitas de aceitunas deshuesadas.', '8\nDecoramos el fondo del plato con mayonesa y adornamos con unas líneas de tomate.', '9\nSe puede servir frío o ligeramente templado.']","Valoración: 3,3 (6 votos)","['300 gramos de filetes de mero', '4 huevos', '100 gramos de nata líquida', 'Sal y pimienta blanca', '6 pimientos del piquillo', '16 aceitunas sin hueso', '50 gramos de mayonesa', '20 gramos de salsa de tomate']",https://www.recetasgratis.net/receta-de-pastel-de-mero-con-pimientos-del-piquillo-y-aceitunas-28536.html,,,,,,
Anchoas marinadas en zumo de frutas y pimienta,,"['1\nLimpiamos las anchoas, sosteniendo suavemente cada pieza en la palma de una mano con la parte del vientre hacia arriba.', '2\nAl mismo tiempo presionamos con las yemas de los dedos índice y pulgar la cabeza de la anchoa y tiramos con cuidado, con el fin de que, al desprenderla por el cogote para retirarla, lleve adherida consigo las tripas.', '3\nLas lavamos un poco en agua fría (para quitarles la sangre) y limpiamos cada una con papel absorbente de cocina.', '4\nLas espolvoreamos con la sal gorda y las dejamos en el frigorífico 15 minutos.', '5\nMezclamos en un cuenco amplio de cristal el zumo de la fruta elegida con el de limón, los tres tipos de pimienta y el vinagre, e introducimos en esta mezcla las anchoas, de modo que estén completamente sumergidas en el marinado.', '6\nDejamos reposar 12 horas en el frigorífico, con el recipiente cerrado con una lámina de papel transparente.', '7\nPara presentarlas a la mesa, sacamos las anchoas del marinado, las espolvoreamos con la sal fina, el perejil picado fresco y las rociamos con aceite de oliva virgen extra.']","Valoración: 3,2 (11 votos)","['24 anchoas pequeñas', '¼ de litro de zumo de mango o de naranja', '1 limón (su zumo)', 'Una pizca de pimienta negra recién molida', 'Una pizca de pimienta blanca en polvo', 'Una pizca de pimienta de Cayena en polvo', '6 cucharadas de vinagre de Jerez o de manzana', '1 dl de aceite de oliva virgen extra', 'Perejil fresco', 'Sal fina', 'Sal gruesa']",https://www.recetasgratis.net/receta-de-anchoas-marinadas-en-zumo-de-frutas-y-pimienta-27975.html,,,,,,
Carpaccio de bonito en escabeche de limón,,"['1\nLimpiamos el lomo y lo envolvemos con film transparente.', '2\nLo metemos a congelar hasta que quede duro.', '3\nPara el escabeche ponemos aceite en una sartén, añadimos la cebolla en trozos grandes, el laurel, los ajos y la pimienta negra.', '4\nLo sofreímos a fuego lento, hasta que coja color.', '5\nAl retirarlo añadimos el zumo de limón y una pizca de sal.', '6\nCon cuidado, procurando hacer rodajas muy finas, loncheamos el bonito.', '7\nCon una cuchara lo empapamos del jugo del escabeche por encima.', '8\nTerminamos el plato espolvoreando todo con cebollino o perejil picado.']","Valoración: 3,3 (3 votos)","['1 kg de lomo de bonito del norte', '100 g de cebolla', 'Unas hojas de laurel', '3 ó 4 dientes de ajo', 'Pimienta negra en grano', 'Zumo de un limón', '4 dl de aceite de oliva']",https://www.recetasgratis.net/receta-de-carpaccio-de-bonito-en-escabeche-de-limon-27777.html,,,,,,
Merluza a la plancha,,"['1\nUna vez limpia la merluza y sin espinas la cortamos en 4 raciones.', '2\nLa salamos y colocamos en una sartén con poco aceite.', '3\nLe damos la vuelta y dejamos que se haga por el otro lado.', '4\nEn un cazo aparte disponemos el ajo fileteado con el aceite y ponemos al fuego.', '5\nCuando comiencen a freírse los ajos, sacamos del fuego y añadimos la media guindilla.', '6\nCuando la merluza esté cocinada, sacamos de la sartén y salseamos ligeramente con el aceite y los ajos.', '7\nColocamos sobre los platos en los que vayamos a servir y acompañamos con un puré de patata aromatizado con ajos.']","Valoración: 3,8 (17 votos)","['1 pizca de Pimienta', '600 gramos de Merluza abierta y sin espinas', '4 dientes de Ajo', '½ unidad de Guindilla', '200 mililitros de Aceite de oliva virgen', '1 pizca de Sal']",https://www.recetasgratis.net/receta-de-merluza-a-la-plancha-27774.html,,,,,,
Rodaballo relleno de txangurro casero,,"['1\nLimpiamos los rodaballos retirándoles las vísceras y las espinas laterales.', '2\nPelamos y cortamos las patatas en rodajas finas.', '3\nPonemos las rodajas de patata sobre la fuente de horno y encima colocamos los rodaballos (previamente sazonados).', '4\nRociamos con un buen chorro de aceite y un vaso grande de agua e introducimos en el horno a 180 ºC durante 25 minutos.', '5\nMientras tanto preparamos el relleno.', '6\nPara ello, ponemos la cebolla a pochar y cuando esté dorada, incorporamos la carne del txangurro y rehogamos bien.', '7\nRetiramos de la sartén y reservamos.', '8\nSacamos los rodaballos del horno y, con mucho cuidado, cortamos por la parte superior (a la altura de la espina central), separamos los lomos y retiramos las espinas centrales.', '9\nRellenamos con el txangurro y cerramos de nuevo.', '10\nEn un plato mezclamos los ingredientes de la provenzal (ajo picado, pan rallado y perejil picado) y espolvoreamos los rodaballos.', '11\nIntroducimos de nuevo en el horno para gratinar.', '12\nEn 2-3 minutos estarán listos.', '13\nServimos en una bandeja con las patatas.']","Valoración: 3,3 (3 votos)","['2 rodaballos medianos (140 g por persona, aproximadamente)', '1 txangurro (centollo) cocido y desmigado', '100 g de cebolla grande picada finamente', '200 g de patatas', '1 vaso de agua', '1 rama de perejil', 'Sal', 'Aceite de oliva', 'Para el provenzal', '1 ajo finamente picado', '1 cucharada de perejil picado', '3 cucharadas de pan rallado']",https://www.recetasgratis.net/receta-de-rodaballo-relleno-de-txangurro-casero-27775.html,,,,,,
Palometa a la sidra,,"['1\nEn una cazuela ponemos un chorro de aceite de oliva, agregamos la cebolla o cebolletas picadas y las rehogamos.', '2\nDespués incorporamos las patatas peladas, limpias y cortadas en lonchas finas.', '3\nSalteamos, sazonamos y mojamos el guiso con 2 vasos de agua.', '4\nTranscurridos 15 minutos, agregamos la palometa limpia y cortada en rodajas, la sidra y la carne de pimiento choricero y los guisantes cocidos.', '5\nDejamos cocer unos 5 minutos, hasta que esté hecho.', '6\nProbamos de sal, rectificamos y removemos de vez en cuando.', '7\nServimos caliente.']","Valoración: 4,4 (9 votos)","['1 kg de palometa.', '1 vaso de sidra natural.', '2 patatas.', '100 g de cebolla.', '2 cucharaditas de carne de pimiento choricero.', '200 g de guisantes cocidos.', 'Agua.', 'Aceite de oliva.', 'Sal.']",https://www.recetasgratis.net/receta-de-palometa-a-la-sidra-27772.html,,,,,,
Truchas rellenas de setas,,"['1\nCocemos el arroz en agua hirviendo con un poco de sal.', '2\nPicamos los ajos y la cebolla en cuadraditos.Cortamos el tocino en dados.', '3\nCortamos las cabezas de la trucha por detrás de las agallas y con un cuchillo afilado, las abrimos de arriba abajo por el vientre.', '4\nRetiramos las vísceras y todas las membranas negras.', '5\nSeccionamos la carne a cada lado de la espina sin llegar al dorso.', '6\nRetiramos las espinas cortando a la altura de la cola.', '7\nLas lavamos muy bien y secamos con la ayuda de un paño.', '8\nSalpimentamos por dentro y por fuera.Lavamos las setas y las picamos.', '9\nReservamos la mitad.', '10\nEn una sartén con aceite, sofreímos el tocino y la mitad de las setas.', '11\nRellenamos las truchas con las setas y el tocino.', '12\nCerramos la abertura.', '13\nHorneamos durante 25 minutos.', '14\nRehogamos en mantequilla el resto de las setas.', '15\nAñadimos el perejil picado, incorporamos el arroz cocido.', '16\nVertemos un chorrito de aceite, añadimos el ajo picado, agregamos la cebolla picada y rehogamos dos minutos.', '17\nSacamos las truchas del horno.', '18\nCalentamos el brandy en un cazo, prendemos fuego y vertemos sobre las truchas.', '19\nServimos acompañadas del arroz con setas.']","Valoración: 3,3 (3 votos)","['4 truchas', '500 gramos de setas', '200 gramos de tocino', '1 vasito de brandy', '300 gramos de arroz', '100 gramos de cebolla', '2 dientes de ajo', '1 cucharada de perejil picado', '25 gramos de mantequilla', '1 cucharada de pimienta', 'Aceite', 'Sal']",https://www.recetasgratis.net/receta-de-truchas-rellenas-de-setas-27768.html,,,,,,
Bonito fresco en cocotte,,"['1\nEn una cazuela de barro pochamos primero a fuego suave las cebollas cortadas en juliana y el ajo triturado, y posteriormente añadimos los tomates cortados en trozos.', '2\nCuando las hortalizas estén blandas, añadimos el bonito en medallones, habiéndoles quitado la parte oscura.', '3\nRegamos con el vino blanco, salpimentamos y dejamos que dé un hervor hasta que el bonito comience a cocinarse.', '4\nEl bonito se hace enseguida y si se cuece demasiado se seca.', '5\nLa cocción con el bonito se debe hacer con la cazuela tapada y tardará aproximadamente 6 minutos, dependiendo del grosor del pescado.', '6\nPodemos presentar el bonito en la cazuela de barro, para que resulte más vistoso.']","Valoración: 3,8 (4 votos)","['800 g de bonito fresco', '800 g de cebolla', '400 g de tomates maduros', '2 dl de aceite de oliva', '1 vaso de vino blanco', '2 dientes de ajo', 'Sal', 'Pimienta']",https://www.recetasgratis.net/receta-de-bonito-fresco-en-cocotte-27766.html,,,,,,
Mero en papillote con cebollitas en su jugo,,"['1\nEncendemos el horno y dejamos que se caliente a 200 ºC.', '2\nPreparamos la papillote cortando 4 trozos de papel aluminio.', '3\nPonemos el mero en la parte inferior de cada trozo de aluminio, salpimentamos y añadimos la mantequilla, las cebollitas, una ramita de perejil y un chorro de vino blanco.', '4\nDoblamos el papel de aluminio, dejando espacio en su interior, cerrando los laterales dos veces sobre sí mismos.', '5\nIntroducimos en el horno y cuando la papillote esté hinchada, indicará que ya está en su perfecto punto de cocción.', '6\nPresentamos en el plato con el papel de aluminio abierto por la mitad, como si fuera una carta y el comensal saca poco a poco las cebollitas, el pescado y su jugo.']",Valoración: 4 (6 votos),"['600 g de mero limpio', '200 g de cebollitas pequeñas', '2 cucharadas de mantequilla', '1 vasito de vino blanco', 'Sal', 'pimienta', 'perejil', 'Aceite']",https://www.recetasgratis.net/receta-de-mero-en-papillote-con-cebollitas-en-su-jugo-27755.html,,,,,,
Salmón a la pimienta,,"['1\nRehogamos las cebollas con la margarina y espolvoreamos con la pimienta verde.', '2\nPosteriormente, añadimos la mantequilla, el caldo de pescado y opcionalmente el vino tinto.', '3\nDejamos hervir y aromatizamos con un poco de mostaza.', '4\nColamos la salsa y rectificamos de sal.', '5\nCortamos el salmón en tacos y lo cocinamos a la plancha.', '6\nCuando esté hecho, servimos acompañado de un poco de salsa de pimienta verde por encima.']","Valoración: 4,1 (11 votos)","['600 g de salmón en taco.', 'Medio vaso de caldo de pescado.', 'Media copa de vino tinto (opcional).', '20 g de mantequilla.', '20 g de margarina.', '20 g de harina.', '10 g de cebolla picada.', '50 g de pimienta verde.', 'Sal', 'mostaza.']",https://www.recetasgratis.net/receta-de-salmon-a-la-pimienta-27756.html,,,,,,
Anchoas en vinagreta con perejil,,"['1\nQuitamos a las anchoas la cabeza, las tripas y la espina; las dividimos en dos lomos y quitamos la cola.', '2\nLas lavamos, las salamos y las colocamos en un recipiente con tapa.', '3\nPonemos el aceite, el vinagre, los ajos y el perejil y mezclamos.', '4\nVamos poniendo en capas las anchoas con cuidado de que cada capa quede cubierta por la vinagreta.', '5\nSi una vez puestas todas las anchoas no quedaran cubiertas con la marinada, añadimos un poco más de aceite y de vinagre.', '6\nPonemos la tapa y reservamos hasta consumir.', '7\nDebemos mantener durante 24 horas como mínimo en el marinado.', '8\nSe conserva bien varios días.', '9\nMejor en nevera.']","Valoración: 3,5 (6 votos)","['Medio kilo de anchoas.', '2 ajos picados.', 'Medio litro de vinagre.', 'Medio litro de aceite de oliva.', '1 ramo de perejil picado', 'sal.']",https://www.recetasgratis.net/receta-de-anchoas-en-vinagreta-con-perejil-27753.html,,,,,,
Salmón al horno con queso,,"['1\nCortamos en lonchas el salmón fresco y se hacen rollitos con el salmón y queso de fundir dentro.', '2\nEn una fuente de horno untada de aceite ponemos unas rodajas de tomate y sobre cada rodaja un rollito de salmón.', '3\nPartimos los espárragos en dos, poniendo las puntas a un lado y las colas enfrente.', '4\nLos introducimos en horno fuerte unos cuatro o cinco minutos.', '5\nPor encima tapamos con una mayonesa ligera y gratinamos durante 3 minutos.', '6\nPara que no se quede seco, antes de introducir al horno por primera vez se puede echar un chorrito de leche.']","Valoración: 4,2 (9 votos)","['250 g de espárragos.', '200 g de queso de fundir en lonchas.', '700 g de salmón fresco.', '1 huevo.', '3 tomates maduros.', '1 pizca de sal.', '1 chorrito de vinagre.', 'Aceite de oliva.', '1 chorrito de leche.']",https://www.recetasgratis.net/receta-de-salmon-al-horno-con-queso-27745.html,,,,,,
Bonito a la sidra al horno,,"['1\nEl lomo de bonito se sazona con un poco de sal y pimienta y se reserva.', '2\nSe pelan las cebollas y las zanahorias, se cortan finamente y se ponen en una sartén con aceite y un poco de sal.', '3\nSe deja hasta que estén tiernas, pero sin que tomen color.', '4\nLlegado ese punto se retiran del fuego, se escurren de aceite y se ponen de nuevo al fuego con cuatro cucharadas del aceite en el que se rehogaron, el agua y la sidra y se deja cocer diez minutos.', '5\nPasado este tiempo es retira del fuego y se pasa por la batidora, rectificando de sal si fuese necesario.', '6\nSe coloca la salsa en una fuente de horno, encima se pone el lomo de bonito y se cubre con la mayonesa.', '7\nSe introduce en el horno a 170 ºC durante 12-15 minutos.', '8\nMientras tanto, en agua con sal se cuecen las patatas peladas y torneadas hasta que estén tiernas.', '9\nSi se dorase demasiado la mayonesa, cubrimos con un papel de aluminio.', '10\nServimos recién hecho.']","Valoración: 4,7 (3 votos)","['1 lomo de bonito limpio de piel y espinas de 1 kilo y cuarto.', '4 zanahorias.', '3 cebollas.', 'Aceite.', 'Medio litro de sidra.', '1/2 bote pequeño de mayonesa aligerada con yogur natural.', '2 dl de fumet (caldo de pescado).', 'Una pizca de azúcar.', 'Sal', 'pimienta.']",https://www.recetasgratis.net/receta-de-bonito-a-la-sidra-al-horno-27744.html,,,,,,
Mero con guisantes,,"['1\nDesespinamos y quitamos la piel del mero dejándolo en filetes, sazonamos con sal, rebozamos en harina y freímos en aceite, una vez frito pasamos el mero a una fuente de horno.', '2\nEn el aceite donde lo hemos frito se pone a pochar la cebolla picada muy pequeña (brunoise).', '3\nAñadimos los ajos picados, perejil también picado y los tomates pelados y limpios partidos en trozos.', '4\nUna vez pochada la verdura ligamos con una cucharada de harina y mojamos con el vino blanco agregando también los guisantes.', '5\nMojamos con un poco de agua la verdura y dejamos que hierva hasta que ligue la salsa.', '6\nPonemos a punto de sal.', '7\nVertemos esta salsa sobre el mero y lo introducimos en el horno a 150 ºC por espacio de veinte minutos.', '8\nSe sirve caliente en la misma fuente.']","Valoración: 3,3 (3 votos)","['1 mero de 1,5 kilos', '200 g de guisantes', '1 cebolla', '2 dientes de ajo', '2 tomates', 'Harina', '1 vaso de vino blanco', 'Perejil', 'Aceite', 'Sal']",https://www.recetasgratis.net/receta-de-mero-con-guisantes-27738.html,,,,,,
Bonito encebollado cocinado,,"['1\nCortamos las cebollas, el medio diente de ajo, el pimiento verde.', '2\nPonemos a pochar en una sartén a fuego lento con aceite de oliva y una copa de txakolí de Guetaria (si no se dispone de éste último, un vino blanco seco de cualquier otra denominación).', '3\nCuando esté blanda la cebolla introducimos el bonito, junto a la cebolla.', '4\nCocinando 5 minutos de cada lado y servimos.']","Valoración: 3,3 (3 votos)","['2 ruedas de bonito de 3 centímetros de grueso (600/700 gramos)', '2 cebollas', '1/2 diente de ajo', '1 pimiento verde del país', '1 vaso de txakolí de Guetaria', 'Aceite de oliva']",https://www.recetasgratis.net/receta-de-bonito-encebollado-cocinado-27730.html,,,,,,
Emperador con cebolla y salsa de cerveza,,"['1\nCortamos la cebolla en juliana (en tiras finas) y pochamos en una sartén con aceite.', '2\nAgregamos un poco de caldo de pescado y cocemos unos minutos.', '3\nAñadimos los filetes de emperador a la sartén y dejamos que cojan sabor durante 3-4 minutos, dándoles la vuelta un par de veces.', '4\nSacamos los filetes para que no se sequen.', '5\nAñadimos la cerveza a la cebolla, salpimentamos y dejamos que reduzca a fuego suave, unos 10 minutos.', '6\nEsta salsa la vertemos encima del pescado e introducimos al horno unos instantes hasta que se caliente.']","Valoración: 3,3 (3 votos)","['Para 4 personas', '4 filetes de emperador.', '1 botellín de cerveza.', '1 cebolla grande.', 'Caldo de pescado.', 'Perejil', 'Pimienta', 'Aceite', 'Sal']",https://www.recetasgratis.net/receta-de-emperador-con-cebolla-y-salsa-de-cerveza-27725.html,,,,,,
Mero al horno con vino blanco y cebolla,,"['1\nLavamos el mero sin quitarle las escamas.', '2\nLimpiamos de agallas y le quitamos todas las vísceras dejando el vientre del pescado limpio para poder introducirle el ajo, el perejil, el laurel, la sal y la pimienta.', '3\nColocamos el pescado en una fuente de horno engrasada con 1 cucharada de aceite, las cebollitas peladas enteras y condimentamos con el resto del aceite.', '4\nA mitad de la cocción le añadimos 2 vasos de vino blanco.', '5\nAsamos en el horno a 180 °C durante 40 minutos aproximadamente o hasta que veamos que el pescado está cocinado.', '6\nEn el momento en que sacamos del horno la fuente del asado, sacamos también el pescado de la fuente y añadimos el perejil picado a los jugos que quedan en la fuente del horno.', '7\nQuitamos la piel del mero antes de servirlo.', '8\nAcompañamos con las cebollitas asadas y con la salsa del vino blanco con perejil.']","Valoración: 4,4 (8 votos)","['1 mero de 1,2 kg.', '5 cucharadas de aceite de oliva.', '2 vasos de vino blanco.', '100 g de cebollitas francesas.', '1 diente de ajo.', '1 cucharada de perejil picado.', '1 hoja de laurel', 'pimienta recién molida', 'sal.']",https://www.recetasgratis.net/receta-de-mero-al-horno-con-vino-blanco-y-cebolla-27719.html,,,,,,
Abadejo a la plancha con salsa tártara,,"['1\nCalentamos una plancha, aceitamos y colocamos las rodajas de abadejo sobre la plancha.', '2\nCocinamos a fuego lento de ambos lados rociando con limón unos minutos antes de terminar la cocción.', '3\nPelamos las patatas y cortamos en cuadraditos como para ensaladilla.', '4\nHervimos a punto de cocción.', '5\nRetiramos del fuego, escurrimos en un colador, las espolvoreamos con perejil picado y rociamos con aceite de oliva y jugo de limón.', '6\nSe pueden servir tanto frías como calientes.', '7\nPara la salsa tártara: Picamos a cuchillo los pepinos, lo más fino posible.', '8\nMezclamos con la mayonesa, el huevo duro picado, las alcaparras, y el perejil picado fino.', '9\nServimos en un plato los filetes de abadejo con guarnición de patatas y un recipiente con salsa tártara aparte.']","Valoración: 4,1 (9 votos)","['800 g de abadejo en filetes.', '1 kilo y medio de patatas.', '1 taza de mayonesa (aligerada con un yogur natural).', '100 g de pepinos en vinagre.', '20 g de alcaparras en vinagre.', '3 limones.', '1 huevo duro.', 'Sal', 'pimienta al gusto.']",https://www.recetasgratis.net/receta-de-abadejo-a-la-plancha-con-salsa-tartara-27718.html,,,,,,
Breca al horno,,"['1\nElaboración: Lavamos y limpiamos el pescado.', '2\nPelamos y cortamos las patatas en rodajas de 5 ó 6 mm.', '3\nFreímos apartándolas cuando estén medio fritas pero un poco crudas.', '4\nEscurrimos del aceite y reservamos.', '5\nEn una bandeja de horno disponemos las patatas en forma de cama, añadimos la cebolla en rodajas muy finas y disponemos el pescado encima.', '6\nEn un mortero o recipiente adecuado, hacemos un majado o machacado con aceite de oliva, sal, una cucharada del pan rallado, el diente de ajo y un poco de azafrán (colorante).', '7\nVertemos el majado sobre el pescado.', '8\nCalentamos el horno a 180 ºC y una vez caliente introducimos la bandeja.', '9\nDebemos ir revisando el horneado y sacar la bandeja según nos guste el punto de cocción, pero con cuidado que no se nos seque.', '10\nServimos el pescado con las patatas y la cebolla asados junto a él.']",Valoración: 4 (10 votos),"['1´5 kg de breca.', '2 patatas.', '1 cebolla.', 'Pan rallado.', '2 dientes de ajo.', 'Azafrán (o sustituto de azafrán o pimentón dulce).', 'Sal.', 'Aceite de oliva.']",https://www.recetasgratis.net/receta-de-breca-al-horno-27713.html,,,,,,
Mero asado con salsa de anchoas,,"['1\nLimpiamos el mero, lo evisceramos, lo lavamos muy bien y lo marinamos durante 3 horas en un escabeche.', '2\nEl marinado se prepara de la siguiente manera: se bate manualmente un vaso de aceite con las 2 hojas de laurel, el perejil, la pimienta en granos y una cucharada de vinagre.', '3\nMachacamos en un mortero los filetes de anchoa sin espinas con la margarina hasta formar una masa.', '4\nHervimos los huevos durante 10 minutos, extraemos las yemas cocidas e incorporamos a la preparación hecha con la anchoa y la margarina.', '5\nSi es necesario añadimos un poco de aceite hasta obtener una salsa cremosa.', '6\nSacamos el pescado del escabeche y lo asamos a la plancha durante unos 5 minutos por cada lado.', '7\nServimos sobre una fuente, acompañado por la salsa de anchoas en un recipiente aparte para que el comensal se sirva lo que desee.']","Valoración: 3,3 (3 votos)","['Para 4 personas', '1 kilo de mero en rodajas', '1 vaso de aceite de oliva', '1 cucharada de vinagre de vino blanco', '200 g de margarina', '6 filetes de anchoas en salazón', '2 huevos', '2 hojas de laurel', '1 manojo de perejil', 'Pimienta en granos', 'Sal']",https://www.recetasgratis.net/receta-de-mero-asado-con-salsa-de-anchoas-27712.html,,,,,,
Raya con salsa de alcaparras,,"['1\nTroceamos la raya en porciones individuales y la salamos.', '2\nPonemos el aceite en una cazuela o una paellera de tamaño suficiente para cocinar todas las porciones de la raya, y freímos en el aceite a fuego suave durante 4 minutos por cada lado.', '3\nUna vez cocinado el pescado, lo sacamos de la cazuela y en el aceite en el que lo hemos cocinado añadimos el vinagre, las alcaparras y el pepinillo, este último picado finamente.', '4\nA los tres minutos, añadimos el vino blanco y cuando éste se haya reducido, vertemos la nata líquida especial para cocinar dejando que nos ligue la salsa.', '5\nUna vez tengamos una salsa homogénea, introducimos en ella los trozos de raya, calentamos, ponemos a punto de sal y pimienta el conjunto y espolvoreamos un poco de cebollino o perejil picado.']",Valoración: 4 (10 votos),"['1 kilo de raya.', '100 mililitros de aceite de oliva.', '1 cucharada de vinagre vino blanco.', '1 vaso de vino blanco.', '1 cucharada de alcaparras.', '1 cucharada de pepinillos.', 'Sal', 'pimienta.', 'Cebollino o perejil.', 'Nata líquida.']",https://www.recetasgratis.net/receta-de-raya-con-salsa-de-alcaparras-27706.html,,,,,,
Trucha a la molinera,,"['1\nLimpiamos las truchas, para ello las abrimos por la mitad y sacamos las espinas (podemos pedir al pescadero que lo haga por nosotros).', '2\nPasamos los filetes de trucha por leche y rebozamos en harina.', '3\nPor otra parte, ponemos en un sartén con un poco de aceite caliente la mitad de la mantequilla y removemos.', '4\nAñadimos las truchas y freímos a fuego lento 5-10 minutos por cada lado.', '5\nSacamos de la sartén y ponemos en el plato en el cual vamos a servir.', '6\nExprimimos un limón, lavamos los otros dos y los cortamos en rodajas.', '7\nPonemos el resto de la mantequilla en el aceite de freír las truchas, añadimos el zumo del limón y sofreímos durante un minuto.Añadimos el perejil picado a la sartén fuera del fuego.', '8\nEchamos la salsa por encima del pescado y adornamos con las rodajas de limón y con unas hojitas de perejil y servimos.']","Valoración: 3,3 (3 votos)","['4 truchas de ración', '60 g de mantequilla', '3 limones', '1 vasito de leche', '50 g de harina', '1 ramita de perejil', 'Aceite de oliva', 'Sal']",https://www.recetasgratis.net/receta-de-trucha-a-la-molinera-27703.html,,,,,,
Rollitos de lenguado con salsa de gambas,,"['1\nPara la salsaPicamos la cebolla y el ajo y sofreímos en una sartén con aceite. Una vez cocinada la cebolla, machacamos aparte en un mortero las gambas.Una vez hecho esto, las mezclamos con el sofrito, lo freímos todo, y lo rehogamos. Añadimos el coñac y le damos fuego al interior de la cazuela para que se queme el alcohol.', '2\nAgregamos el tomate triturado, el sobre de azafrán y el pimentón, y dejamos cocer, añadiendo un litro de fumet de pescado. Cuando esté todo cocido diluimos la maicena en jerez y vertemos a la salsa. Dejamos que espese la salsa. Se pasa la salsa por la batidora y se cuela por un colador.', '3\nPara el lenguadoEnrollamos el lenguado y colocamos los rollos en una bandeja de horno. Cubrimos con la salsa de marisco introduciéndolo al horno durante 15 minutos a 200 ºC. Cuando saquemos del horno decoramos con un poco de perejil picado y unas gambas junto con la salsa de marisco.']","Valoración: 2,8 (4 votos)","['8 filetes de lenguado', '300 g de gambas', '1 litro de fumet (caldo de pescado)', '1 ajo', '1 bote pequeño de tomate natural', '1 cucharada de maicena', '1 copa de coñac y otra de jerez', '1 cucharada de pimienta dulce', '1 sobre de azafrán en rama', '1 cebolla y sal', 'Aceite de oliva']",https://www.recetasgratis.net/receta-de-rollitos-de-lenguado-con-salsa-de-gambas-27702.html,,,,,,
Palometa con salsa de tomate,,"['1\nLimpiamos la palometa quitando las aletas y las escamas, limpiamos concienzudamente su interior y descabezamos.', '2\nLa cortamos en rodajas gruesas, que pasamos por agua para terminar de limpiar y reservamos.', '3\nMientras tanto, en una cazuela de fondo ancho, rehogamos una cebolla cortada en juliana (en tiras) y un diente de ajo en el aceite de oliva de 1º.', '4\nCuando esté pochada (es decir, transparente la cebolla), añadimos una lata de tomate natural triturado, la copa de vino blanco, sal y el azúcar o la sacarina para quitar la acidez del tomate.', '5\nDejamos que hierva unos 15 minutos y pasamos por el pasapurés y por el colador fino para que quede una salsa de tomate fina.', '6\nEnharinamos el pescado y freímos en el aceite de oliva de 0´4º, dorándolas en una sartén, con poco aceite.', '7\nUna vez frito el pescado lo introducimos en la salsa y dejamos que dé un hervor.', '8\nLa palometa estará en su punto cuando la espina central se separe de la carne.', '9\nServimos espolvoreando sobre ellas perejil picado.']","Valoración: 4,4 (9 votos)","['Una palometa de entre 1 y 1,5 kilos.', '1 cebolla grande.', '1 diente de ajo.', '1 lata grande (1 kilo) de tomate triturado para hacer.', '1 vaso de aceite de oliva de 0´4º.', '1 vaso de aceite de oliva de 1º.', '1 vasito de vino blanco.', 'Sal.', '1 cucharada de azúcar o una sacarina.', 'Perejil picado.']",https://www.recetasgratis.net/receta-de-palometa-con-salsa-de-tomate-27697.html,,,,,,
Dorada al horno sin patatas,,"['1\nEn una bandeja de horno ponemos el tomate y la cebolla cortada en rodajas finas, encima colocamos la dorada limpia por dentro pero entera.', '2\nLe hacemos un par de cortes en el lomo y allí introducimos unas rodajas de limón, y las condimentamos con sal y perejil.', '3\nA continuación, les añadimos el aceite de oliva e introducimos al horno a 180 ºC.', '4\nA los 15 minutos estará ya asada, aunque depende de su tamaño.', '5\nServimos acompañadas de guarnición del tomate y cebolla asados con las doradas.']","Valoración: 3,3 (3 votos)","['4 doradas de ración', '4 tomates', '1 cebolla', '2 diente de ajo', '1 limón', 'Perejil', 'Aceite de oliva']",https://www.recetasgratis.net/receta-de-dorada-al-horno-sin-patatas-27694.html,,,,,,
Lirios fritos con salsa de anchoa,,"['1\nLimpiamos los lirios y, una vez lavados, los secamos y sazonamos con sal. Pasamos los lirios por harina, los sacudimos para quitarles el exceso de harina y freímos en una sartén con abundante aceite caliente.', '2\nEscurrimos y colocamos en la fuente de servir, reservándolos al calor.', '3\nPara la salsaMachacamos en el mortero con parte de la mantequilla las anchoas en aceite. Incorporamos el resto de la mantequilla y ponemos en un cacito para calentar al baño María.', '4\nCuando la mantequilla esté fundida, pero sin hervir, añadimos el zumo de limón y el perejil muy picadito.Servimos la salsa caliente en un recipiente aparte.']","Valoración: 3,3 (6 votos)","['8 lirios', 'Harina', 'aceite', 'sal', '8 anchoas en aceite', '1 limón', '100 g de mantequilla', '1 cucharada de perejil']",https://www.recetasgratis.net/receta-de-lirios-fritos-con-salsa-de-anchoa-27692.html,,,,,,
Lenguado con salsa de naranja y estragón,,"['1\nSacamos filetes limpios de piel y de espinas de los lenguados, salamos y reservamos.', '2\nSofreímos la cebolla cortada en brounoisse (picadito fino) y los ajos fileteados y aún sin dorar, y añadimos la harina espolvoreada.', '3\nRemovemos todo bien y le agregamos el zumo de naranja, la sal, la guindilla y las especias (el estragón y el perejil picado).', '4\nCuando la salsa empiece a espesar, añadimos los lenguados, limpios y sin piel.', '5\nDejamos cocer a fuego medio durante unos cuatro minutos.', '6\nServimos los lenguados junto con la salsa y como acompañamiento unas patatas cocidas.']","Valoración: 3,3 (3 votos)","['4 lenguados de ración', '100 gramos de cebolla', '3 dientes de ajo', 'El zumo de tres naranjas', '1 guindilla', '1 cucharadita de estragón', '1 cucharadita de perejil', 'Una cucharada de harina', 'Sal']",https://www.recetasgratis.net/receta-de-lenguado-con-salsa-de-naranja-y-estragon-27691.html,,,,,,
