title,intro,order,votes,comensales,duración,para,dificultad,coste,types,ingredientes,url
Puchero o caldo de res,,"['1\nEn una olla grande se ponen 3 litros de agua, se coloca la carne en varios trozos, junto con el elote y se pone a coser con la cebolla y el ajo y sal al gusto.', '2\nCuando la carne esta ya cosida, se agregan el repollo (col), la papa, las zanahorias, el ejote, el chayote la yerbabuena y el cilantro y se dejan coder por unos 15 minutos mas.', '3\nSe acompaña con sopa de arroz en el mismo plato donde se sirvio el caldo.']","Valoración: 4,2 (49 votos)",5 comensales,45m,Plato principal,Dificultad media,,[],"['½ kilogramo de Pecho de Res', '½ kilogramo de Cuete ó rueda (con tuetano ó medula, 1/2 repollo ó col cortado en 2 partes', '2 unidades de Papas cortadas en 4 partes', '3 unidades de Elotes cortados en trosos', '4 unidades de Zanahorias cortadas en rodajas', '100 gramos de Ejote', '½ unidad de Cebolla', '2 dientes de Ajo', '1 unidad de Chayote cortado en 4 partes', '1 rama de Yerbabuena', '1 manojo de Cilantro']",https://www.recetasgratis.net/receta-de-puchero-o-caldo-de-res-10909.html
Caldo santo,,"['1\nEn una olla profunda, caliente la leche de coco. Aparte, en un mortero, coloque las semillas de achiote y machaquelas hasta lograr el color amarillo. Si usa pasta pues derritala.', '2\nAgregue el achiote, el sazón, los vegetales, la verdura y la sal a la leche de coco caliente coloque a hervir y casi cuando la verdura esté blanda añada el pescado frito.', '3\nDeje hervir hasta que la verdura ablande. Sirva solo o acompañado de arroz blanco.']","Valoración: 3,7 (3 votos)",,,,,,,"['2 lata leche de coco', '3 cucharadas de achiote en grano (puede ser pasta de achiote dos cucharadas)', '4 ajíes dulces picados', '1 0 2 pimientos picados', '2 sobres de condimento con color (sazón)', '2 lbs. de batatas, peladas y picadas', '1 libra de yautía, peladas y picadas', '1 lb. de guineos verdes, pelados y picados', '2 plátanos verdes, pelados y picados', '4 lbs. de pescado frito', 'sal a gusto']",https://www.recetasgratis.net/receta-de-caldo-santo-10624.html
"Sopa de papaya, ajo y queso","La sopa de papaya, ajo y queso suave es ideal para seguir una dieta depurativa y equilibrante. Toma nota de los ingredientes y prepara esta rica sopa casera, ¡te encantará!","['1\nColoca el ajo en una olla de caldo ya preparado o agua y calienta hasta que hierva. Cuando alcance el punto de ebullición, baja el fuego y sigue cocinando manteniendo un hervor leve durante una hora. Si es necesario añade más agua o caldo.', '2\nAgrega la papaya pelada y troceada y sigue cocinando durante media hora más.', '3\nAñade el queso crema y sigue cocinando hasta que se integre por completo. Luego, tritura la sopa con una batidora o procesador de alimentos. Añade sal y pimienta al gusto.', '4\nCuela la sopa de papaya, apio y queso para retirar los grumos y sírvela caliente. Esta receta da para 4 platos grandes o 6 más pequeños. Puedes decorar los platos con el orégano y añadir tostones de pan.']","Valoración: 3,6 (7 votos)",4 comensales,1h 30m,Plato principal,Dificultad baja,,['Recomendada para perder peso'],"['2 sobres de Ajos pelados', '4 tazas de Caldo de pollo', '1 unidad de Papaya madura', '6 onzas de Queso crema', '1 puñado de Hojas de orégano fresco', '1 pizca de Sal y pimienta']",https://www.recetasgratis.net/receta-de-sopa-de-papaya-ajo-y-queso-10566.html
"Fácil, rápida y deliciosa","El ajoporro, también conocido como puerro, es un vegetal con múltiples propiedades y un sabor delicioso. En general, se emplea para potenciar el sabor de las comidas, sin embargo, también puede resultar el protagonista de la receta por su versatilidad y fácil cocinado. Tal es el caso de esta receta, que nos permite, además, aprovecharnos de todas sus vitaminas, cantidad de fibra y minerales. Quédate en RecetasGratis y descubre con nosotros cómo hacer crema de ajoporro fácil, ¡te sorprenderá!","['1\nCorta los ajoporros en rodajas, desechando primero las hojas y las raíces del otro extremo.', '2\nDora el puerro en la margarina fundida procurando que no se queme. Luego, agrega la cantidad de agua y sigue cocinando la crema de ajoporro casera.', '3\nAñade el ajo pelado y triturado, y deja la preparación al fuego hasta que el ajoporro esté blando.', '4\nUna vez blando el puerro, licua la preparación para obtener una crema de ajoporro suave, homogénea y sin grumos.', '5\nVierte la leche y la harina, y sigue batiendo para integrar completamente estos ingredientes.', '6\nVuelve a poner al fuego la crema de ajoporro para espesarla, añade el cubo de consomé de pollo, mezcla y deja que se cocine unos segundos.', '7\nSirve la crema de ajoporro casera de inmediato para disfrutarla caliente. Puedes servirla acompañada de picatostes (pan tostado) o dejar caer un hilo de crema de leche. Esta receta es perfecta para cualquier época del año y momento del día, puesto que es muy fácil de hacer, rápida y está deliciosa. Y si quieres descubrir otras variedades, no te pierdas la receta de crema de puerro y calabacín.']","Valoración: 4,2 (40 votos)",4 comensales,45m,Entrante,Dificultad baja,,[],"['2 sobres de ajoporro (puerro)', '1 diente de ajo', '2 cucharadas soperas de harina de trigo', '4 cucharadas soperas de leche en polvo', '1 cubo de caldo de pollo (consomé)', '1 cucharada sopera de margarina', '1 pizca de pimienta (opcional)', '4 tazas de agua (960 mililitros)']",https://www.recetasgratis.net/receta-de-crema-de-ajoporro-10558.html
Sopa de hombre latino,,"['1\nAbra los huequitos de los cocos con un destornillador y vierta el agua de coco en un taza de medir y pongala aparte.', '2\nDebe dar 2 tazas de agua de coco.', '3\nCaliente el aceite a fuego mediano en una olla grande Agregue la cebolla, el pimiento rojo, el ajo,1/2 cucharadita de la pimienta roja .', '4\nFria durante 5 minutos o hasta que la cebolla este suave y translucida pero no dorada.', '5\nSuba el fuego a mediano-alto y agregue el tomate y 1/4 taza de perejil y los dos sobrecitos de sazonador con color.', '6\nFria durante 3 minutos Agregue la pasta de tomate y fria durante 3 minutos.', '7\nAgregue el agua y la leche de coco, el caldo de pescado o el jugo de almendras y agua, la hoja de laurel y el platano.', '8\nDeje que rompa a hervir y cocine durante 3 minutos.', '9\nAgregue la taza de cangrejos y cocine durante 5 minutos.', '10\nAgregue las almejas o los mejillones y cocine durante 5 minutos Agregue el camaron, el pescado o el bacalao desmenuzado y lavado y el pan rallado.', '11\nSazone con sal y pimienta Cocine durante 5 minutos o hasta que elplatano este suave y el caldo se haya espesado un poco.', '12\nTire las almejas o mejillones que sigan cerrados o quebrados.', '13\nAgregue el 1/4 taza restante de perejil y hierva durante un minuto .', '14\nSazone con mas sal y pimienta si asi lo desea.', '15\nEsta receta es para aquellos latinos que trabajan mucho y para recargar su cuerpo.', '16\nY levanta el animo.']","Valoración: 3,7 (20 votos)",,,,,,,"['4 cocos maduros', '1 cucharada de aceite de canola', '1 cebolla,picada muy fina', '1 pimiento rojo picado nuy fino (AJI)', '2 dientes de ajo picados muy finos', '3/4 cucharadita de pimienta roja molida', '2 tomates maduros sin semilla, pelados y picados muy finos', '1/2 taza de perejil; liso fresco,picado muy fino', '1/4 taza de pasta de tomates', '1 taza de leche coco ligera (puede usarla leche de coco enlatada)', '5 tazas de caldo de pescado o 4 tazas de jugo de almeja embotellado. una taza de agua)', '1 hoja de laurel', '1 platano verde (macho) pelado y picado en pedazos pequeños', '1 taza de carne de cangrejo precocinado', '16 almejas o mejillones pequeños lavados', '1 libra de camaron, pelado y desvanado (puede usar los congelados)', '2 libras de filete de lubina(robalo, corvina)o bacalao fresco .', '1/2 taza de pan rallado(pan molido fresco, tostado)', 'sal', 'pimienta negra molida', '2 sobrecitos de sasonador con color']",https://www.recetasgratis.net/receta-de-sopa-de-hombre-latino-10409.html
Sopa crema de cebollas,,"['1\nDorar la cebolla en la manteca agregar y mezclar revolviendo la harina, la 1/2 cucharadita de sal e ir agregando gradualmente la leche.', '2\nHervir lentamente hasta que las cebollas esten tiernas.', '3\nCondimentar con la paprika nuez moscada y la sal a gusto.', '4\nAl servir espolvorear con el queso rallado y el peregil.']","Valoración: 4,1 (17 votos)",,,,,,,"['1y 1/2 taza de cebollas', '3 cucharadas de manteca', '1 cucharada de harina', '1/2 cucharadita de sal', '1 litro de leche paprica nuez moscada una cucharadita de queso rallado y una cucharadita de peregil picad']",https://www.recetasgratis.net/receta-de-sopa-crema-de-cebollas-10341.html
Sopa de crema de hongos,,"['1\nCocinar a fuego lento hasta que esten tiernos la taza de hongos en media taza de agua picar los hongos y agregar las 2 tazas de agua hirviendo.', '2\nPreparar una salsa blanca con las 2 cucharadas de manteca la harina la leche y la sal agregar los hongos y el caldo a la salsa blanca revolviendo suavemente y servir con peregil picado.']",Valoración: 4 (51 votos),,,,,,,"['1 taza de hongos', '1/2 taza de agua 2 tazas de agua hirviendo', '2 cucharadas de manteca', '2 cucharadas de harina', '2 tazas de leche', '1 cucharadita de sal']",https://www.recetasgratis.net/receta-de-sopa-de-crema-de-hongos-10339.html
Sopa rápida de atún,,"['1\nEn una cacerola con el aceite rehogamos la cebolla finamente picada.', '2\nAntes de que se dore, añadimos los ajos picaditos.', '3\nDejamos dos minutos y añadimos el atún -escurrido de su aceite-', '4\nAñadimos el tomate frito. Removemos bien y dejamos cocer todo junto 5 m.', '5\nFinalmente agregamos 1 litro de agua, el perejil, y la sal. Dejamos cocer 20 minutos.', '6\nEsta sopa se puede tomar acompañada de pan frito, o bien, antes de terminar la cocción añadimos la pasta que queramos (fideos, coditos...)']","Valoración: 3,5 (19 votos)",,,,,,,"['2 latas de Atún en aceite (de las pequeñas)', '1 unidad de Cebolla', '3 dientes de Ajo', '1 pizca de Perejil', '2 cucharadas soperas de Salsa de tomate', '1 litro de Agua', '1 pizca de Sal', '4 cucharadas soperas de Aceite', '1 barra de Pan']",https://www.recetasgratis.net/receta-de-sopa-rapida-de-atun-10299.html
Consome al jerez,,"['1\nPoner una olla al fuego y echar el hueso, la carne de ternera, la de gallina, la zanahoria, pelada y cortada en dos o tres trozos, el apio limpio y cortado, la cebolla, pelada y cortada en dos, unos granos de pimienta y la sal.', '2\nCubrir todo con abundante agua fría.', '3\nMantener la olla destapada y cuando empiece a hervir, bajar el fuego y dejar cocer a fuego lento unas tres horas, desespumando de vez en cuando.', '4\nCuando el caldo esté hecho, retirar del fuego y colar el caldo a través de un colador fino.', '5\nMeter el caldo colado en el frigorífico durante unas horas.', '6\nSacar el caldo frío del frigorífico y quitarle la grasa que se habrá acumulado en la superficie.', '7\nPonerlo en una cazuela al fuego y añadir dos claras de huevo batidas.', '8\nMezclar bien con un batidor de varillas mientras se va calentando, cuando rompa a hervir, apartar del fuego, sacar toda la espuma con una espumadera y colar el caldo a través de un paño húmedo, colocado sobre un colador fino.', '9\nRectificar de sal.', '10\nPoner una sartén al fuego, con un poco de aceite y freir el pan, cortado en daditos.']","Valoración: 4,1 (36 votos)",,,,,,,"['300 gramos de carne de ternera.', '1/2 gallina.', '1 cebolla.', '1 rama de apio.', '1 zanahoria.', '1 hueso de ternera.', '1 hueso de cerdo salado blanco.', '1/2 vaso de vino fino de Jerez', '2 huevos cocidos.', '2 claras de huevo.', '50 gramos de jamón, cortado a taquitos.', '2 rebanadas de pan.', 'Pimienta negra en grano.', 'Sal.']",https://www.recetasgratis.net/receta-de-consome-al-jerez-10063.html
Sopa de almendras el ajo blanco,,"['1\nPoner un cazo con agua al fuego y cuando empiece a hervir, echar las almendras y mantenerlas 2 ó 3 minutos, sacarlas del agua, pelarlas y reservarlas.', '2\nRemojar la miga de pan con un poco de agua.', '3\nEn un mortero, almirez o dornillo, echar la sal y los ajos y majar bien con la maza.', '4\nCuando los ajos estén bien majados, agregar las almendras y seguir majando y removiendo, hasta conseguir una pasta homogénea.', '5\nEntonces echar la miga del pan y seguir con el majado constante, sin descanso.', '6\nCuando todo esté bien mezclado ir añadiendo el aceite, muy poco a poco, en chorrillo fino, mientras se sigue mezclando con la maza, hasta que el aceite se incorpore a la masa.', '7\nAñadir entonces, también poco a poco y sin dejar de majar, el vinagre hasta conseguir una salsa espesa, de aspecto muy similar al de la mayonesa.', '8\nPasar la pasta a una sopera e ir agregando el agua, poco a poco, de forma que la pasta se vaya aclarando.', '9\nCuando se logre la textura deseada, probar de sal y rectificar si fuera necesario, entonces colocar la sopera en el frigorífico hasta la hora de servir.']","Valoración: 3,4 (16 votos)",,,,,,,"['200 gramos de almendras crudas', '200 gramos de pan de pueblo, asentado, del día anterior', '2 dientes de ajo', '1 vaso de aceite de oliva', '1 cucharada de vinagre', '1 litro de agua bien fría', 'Sal', 'Para los tropezones', '1/4 de kilo de uva de moscatel, peladas y sin semillas', 'o', '2 tajadas de melón, cortadas en daditos pequeños', 'o', '1 manzana, pelada y cortada en daditos pequeños']",https://www.recetasgratis.net/receta-de-sopa-de-almendras-el-ajo-blanco-10061.html
Mi gazpachuelo,,"['1\nEsta era una comida típica de los pescadores malagueños. En su confección primitiva el gazpachuelo se preparaba a base de aceite de oliva y yema de huevo batido.', '2\nTodo como una mayonesa que se diluía con caldo de pescado y se aliñaba con un poco de vinagre o bien, unas gotas de limón o de naranja amarga.', '3\nComo tropezones se usaba la clara del huevo, cocida y cortada en taquitos, unas rebanaditas de pan y unas patatas también cocidas y troceadas.', '4\nEste gazpacho se comía caliente y era más propio de los meses de invierno.', '5\nPreparar una mayonesa bien espesa.', '6\nPara preparar el caldo poner el pescado en una olla, cubrirlo bien con abundante agua y añadir la cebolla y el tomate cortados en gajos, el laurel, el vino y un chorrito de aceite.', '7\nPoner la cazuela al fuego y cuando comience a hervir dejarlo unos 20 minutos y retirar del fuego. Colar el caldo y reservar.', '8\nEn otra cazuela, poner las patatas, cortadas en rodajas no muy finas (½ centímetro) y cubrirlas con el caldo de pescado. Poner la cazuela al fuego y dejar cocer hasta que estén tiernas.', '9\nEntonces sacar las patatas, reservarlas y colar el caldo y reservarlo también.', '10\nPoner en el horno unas rebanaditas de pan, bien finas (3 a 4 por persona) y sacarlas cuando estén tostadas.', '11\nYa tenemos todos los ingredientes y entonces podemos preparar el plato. Poner la mayonesa en una sopera y añadir el caldo, poco a poco, moviéndolo todo muy bien con una cuchara de palo.', '12\nCuando la mayonesa esté bien disuelta, añadir las patatas, probar de sal y ya se puede servir.']","Valoración: 3,7 (12 votos)",,,,,,,"['Para el caldo', '1/2 kilo de pescados pequeños, para hacer caldo (*)', '2 hojas de laurel', '1 cebolla', '1 tomate', '1 copa de vino blanco', 'Sal', 'Para el Plato', '3/4 de kilo de patatas', '6 cucharadas soperas de mayonesa', '3-4 rebanadas de pan por persona']",https://www.recetasgratis.net/receta-de-mi-gazpachuelo-10062.html
Gazpacho andaluz sin pan,"Te presentamos esta receta de gazpacho sin pan, pues hemos comprobado que de esta forma podemos conservar el gazpacho tradicional andaluz más tiempo, ya que la levadura del mismo hace que en pocos días se produzca una cierta fermentación que deja el gazpacho agrio. Asimismo, no te pierdas esta receta de gazpacho fácil que te ofrecemos. Además, debes saber que el gazpacho tiene muchas variaciones, por ejemplo, se puede añadir o eliminar cualquier ingrediente que no guste. Por otro lado, se pueden incluir frutas para hacerlo refrescante y saludable.En RecetasGratis te enseñamos cómo hacer gazpacho andaluz sin pan. ¡A cocinar!","['1\nPara empezar con la receta de gazpacho andaluz sin pan, primero debes lavar las verduras. A continuación, pela los tomates y córtalos en trozos. Colócalos en un bol o en un robot de cocina para triturar todo.\nTruco: si te gusta puedes dejar la piel del tomate, ya que deberás triturar todo.', '2\nTrocea la cebolla, el pimiento verde, el pepino y el pimiento rojo. También pela los dientes de ajo.', '3\nEn el bol añade todas las verduras troceadas junto con los tomates.', '4\nYa están listos los ingredientes para triturarlos. Asimismo, para que sea más fácil añade un vaso de agua fría y tritura hasta que quede toda la mezcla sin grumos. Si tienes un robot de cocina puedes triturar todo, ya que quedará la crema más fina.\nTruco: según quede el gazpacho, podrás añadir más agua o no.', '5\nAñade el aceite, el vinagre y un poco de sal, sigue triturando y deja que se emulsione la crema. Prueba y rectifica según el gusto de sal y vinagre.\nTruco: si lo deseas, puedes añadir más pimiento verde o pepino.', '6\nIntroduce el gazpacho en la nevera hasta la hora de servir, es mejor hacerlo 2-3 horas antes para que a la hora de comer esté bien frío. Para acompañar el gazpacho si te gusta que tenga tropezones, puedes picar un pepino en trocitos, pimiento verde, cebolla y servir en otro bol para que cada comensal se prepare el plato a su gusto.']","Valoración: 4,4 (47 votos)",5 comensales,15m,Entrante,Dificultad baja,,"['Recomendada para perder peso', 'Recetas españolas', 'Recetas andaluzas']","['1 kilogramo de tomates rojos maduros', '1 pimientos verdes', '2 dientes de ajo', '1 pepino pequeño', '1 cebolla', '4 cucharadas soperas de vinagre de vino', '1 cucharada postre de sal', '50 mililitros de aceite de oliva', '1 trozo de pimiento rojo (opcional)']",https://www.recetasgratis.net/receta-de-gazpacho-andaluz-sin-pan-10060.html
Sarmorejo,,"['1\nSacar la miga del pan, remojarla en agua y cuando esté bien remojada, sacarla y exprimirla bien.', '2\nLa forma clásica de hacerlo es en mortero o dornillo (especie de mortero de madera) y en caso de querer hacerlo así, colocar en el mortero primero la sal, luego los ajos pelados.', '3\nIr majando con la maza para que los ajos se rompan bien, añadir después los tomates, cortados a tacos y seguir majando, añadir el pan y el vinagre.', '4\nSin dejar de majar ir añadiendo poco a poco el aceite hasta conseguir una buena mezcla, entonces pasarlo por el pasapurés (chino).', '5\nSi por el contrario optáis por la forma más moderna, poner en el vaso de la batidora el aceite, el pan, los tomates, los ajos pelados, el vinagre y la sal.', '6\nBatir durante unos minutos, hasta conseguir una mezcla homogénea. Pasar a través del pasapurés, para quitar las pieles y las pepitas del tomate.', '7\nAñadir agua muy fría hasta conseguir la textura deseada y rectificar de sal.']","Valoración: 3,3 (15 votos)",,,,,,,"['1 kilo de pan del día anterior', '1 vaso de aceite de oliva', '3/4 kilo de tomates maduros', '2 dientes de ajo', '1 copita de vinagre de vino', 'Sal al gusto']",https://www.recetasgratis.net/receta-de-sarmorejo-10058.html
Gazpacho andaluz y sevillano,,"['1\nSe ponen en una batidora todos los ingredientes y se baten bien hasta obtener una masa homogenea, luego si quieres lo pasas por un tamiz y se le pone un poco de agua (uno o dos vasos)', '2\nSe sirve muy frio. Se le puede poner de guarnicion trocitos de huevos duros y de jamon serrano.']","Valoración: 3,3 (15 votos)",,,,,,,"['1 kg de tomates rojos', '1 pimiento', '1 pepino', '1 diente de ajo', '1 cucharadita de sal', '1/2 vaso de aceite de oliva virgen', '2 cucharadas de vinagre', '50 gramos de pan']",https://www.recetasgratis.net/receta-de-gazpacho-andaluz-y-sevillano-9991.html
Crema permentier,,"['1\n1. Derrita la mantequilla en una cacerola y sancoche en ella las papas y el poro. Agregueles 5 tazas de agua,el consome y la pimienta,y deje que se cuezan hasta que las papas esten casi deshechas.', '2\n2. Ponga en baÑo maria la sopera donde va a servir la crema.Cuele a la sopera todo lo que ha cocido.', '3\n3. Deje la sopa en el baÑo maria hasta el momento de llevarla a la mesa,cuando debera aÑadirle la crema y servirla acompaÑada de los cuadritos de pan.']","Valoración: 3,3 (15 votos)",,,,,,,"['3 papas blancas grandes peladas y cortadas en trozos', '1 poro mediano,cortado en rodajas', '1/2 barrita de mantequilla', 'Una pizca de pimienta blanco molida', '2 cucharaditas de consome de pollo granulado', '1/4 litro de crema espesa', '3 rebanadas de pan de caja descortezadas y cortadas en cuadritos, tostados o fritos']",https://www.recetasgratis.net/receta-de-crema-permentier-9961.html
Sopa de espinacas y champiÑones,,"['1\nPonga a cocer en la olla de presion,durante 20 minutos,las rabadillas,el tocino,la cebolla,el ajo y el cilantro con 6 tazas de agua y sal.', '2\nEn una cacerola derrita la mantequilla y sancoche en ella,a fuego muy bajo, los champiÑones y las espinacas.', '3\nAl cabo de los 20minutos enfrie la olla de presion bajo el chorro del aua friaabrala y cuele el caldo a la cacerola donde estan los champiÑones y las espinacas Suba un poco la llama y deje que la sopa se cueza unos 5 minutos ams,para que se sazone. Mantengala caliente.']",Valoración: 2 (50 votos),,,,,,,"['2 rabadillas de pollo', '2 rebanadas de tocino', '1/2 cebolla1 diente de ajo', '1 ramo de cilantro', '2 cucharadas de mantequilla', '2 manojos de espinacas, lavadas,sin tallos y cortados en trozos grandes', '1/4 kg de champiÑones', 'Sal']",https://www.recetasgratis.net/receta-de-sopa-de-espinacas-y-champinones-9938.html
Sopa de frijoles blancos,,"['1\nCocer los frijoles en agua caliente. Sofreír la costilla en una olla. Al ablandar los frijoles (no demasiado) añadir la costilla. Aproximadamente una hora después que inició el cocimiento.', '2\nSacar una taza de frijoles y licuar junto con el apio, el ajo, la cebolla y el cile vere. Añadir a la sopa lo licuado. Añadir la pasta de tomate y la ketchup y los cubitos de pollo.']","Valoración: 3,9 (31 votos)",,,,,,,"['agua', '1 lb de frijoles blancos', '1 lb de costilla ahumada', '3 tallos de apio', '6 dientes de ajo', '1 manojo de cilantro', '1 cebolla', '½ chile verde', '1 lata de pasta de tomate', '1 chorro de ketchup', '3 cubitos de consomé de pollo']",https://www.recetasgratis.net/receta-de-sopa-de-frijoles-blancos-9827.html
Caldo a la jardinera,,"['1\nPica el perejil y el tocino, rebana las zanahorias, jitomates, cebolla.Acitrona el tocino con la cebolla y mantequilla añade las zanahorias y cocina por 5 min.', '2\nAgrega el caldo y deja hervir e incorpora las verduras que hierva por 30 min, luego incorpora los macarrones y cuece 15 min mas y sirbe con queso rallado.']",Valoración: 4 (4 votos),,,,,,,"['6 tazas de caldo de pollo', '25 grs mantequilla', '1/2 taza de macarrones cortados', '1/2 taza de queso blanco rallado', '2 cuch de perejil', '3 ejotes', '3 zanahorias', '2 cebollas', '2 dientes de ajo', '1 reb tocino', 'Sal', 'Pimienta al gusto']",https://www.recetasgratis.net/receta-de-caldo-a-la-jardinera-9649.html
Sopa de coditos al horno,,"['1\nLa pasta se cocina con todos los ingredientes que están entre (-), ya que esta cocinada se escurre ( no se lava).', '2\nSe licuan todos los ingredientes restantes, está mezcla se agrega a la sopa.', '3\nEngrace un molde con mantequilla y ponga un poco de pan molido agregue la mezcla que se hizo de sopa y crema.', '4\nHornee por 30 min o hasta que vea que dore un poco.']","Valoración: 3,6 (15 votos)",,,,,,,"['1 Paquete de sopa de coditos', '4 Huevos', '250g. Queso Cotija (semi-seco)', '500g. Crema Natural', '2 Chiles jalapeños en escabeche', 'Sal', 'Pimienta', 'sal', 'trozo cebolla', 'pimienta entera', '1 ajo', '4 hojas de laurel', '5 cucharadas soperas de aceite', '1 litro de agua']",https://www.recetasgratis.net/receta-de-sopa-de-coditos-al-horno-9562.html
Consome de ternera,,"['1\nRetire el exceso de grasa de la carne y cortela muy pequeña o pasela por la picadora.', '2\nTrocee las zanahorias,el apio y los puerros, pongalos en una cacerola grande con el tomate,la carne y las claras de huevo y mezclelos bien.', '3\nCaliente el caldo hasta que este tibio y salpimentelo al gusto,añada poco a poco el caldo a la carne y a las verduras sin dejar de remover a fuego moderado.', '4\nContinue removiendo durante unos 10 minutos, hasta que la mezcla empiece a hervir lentamente.', '5\nReduzca el fuego,a continuacion haga un agujero en la capa de la grasa que flota en la superficie del caldo con una cuchara grande.dejelo hervir a fuego lento destapado durante 35 minutos y no remueva.', '6\nColoque un paño humedo en la boca de un colador grande cuele el liquido y paselo a una olla limpia ,pruebe el consome y añada mas sal al gusto.', '7\nRecalientelo y sirvalo decorado con tiras muy finas de zanahoria y puerro.']","Valoración: 3,3 (14 votos)",,,,,,,"['350 gramos de ternera', '2 zanahorias medianas', '2 tallos de apio', '2 puerros pequeños', '2 tomates medianos', '3 claras de huevo', '1 1/2 litro de caldo de ternera', 'Sal', 'Pimienta', '1 zanahoria mediana adicional cortada en tiritas', 'muy finas', '1 puerro pequeño adicional en tiritas muy finas']",https://www.recetasgratis.net/receta-de-consome-de-ternera-9343.html
Sopa caribeña,,"['1\nFríe el poro y el ajo en aceite caliente,añade 2 1/2 litros de agua y cuece los demás ingredientes,excepto los frijoles y el jitomate, Sazona con el consomé.', '2\nCuando todo esté cocido y todavia hirvirndo,añade el jitomate y los frijoles.', '3\nSirve caliente con salsa tabasco al gusto.']",Valoración: 2 (10 votos),,,,,,,"['1 poro cortado en rebanadas', '1 diente de ajo martajado', '2 cucharadas de aceite', '2 1/2 litros de agua', '1/2 taza de granos de elote', '1 rama de perejil', '2 clavos de olor', '3 pimientas gordas', '1 hoja de laurel', '1/2 taza de arroz de grano largo', '2 tazas de frijoles negros cocidos y escurridos', '1/2 taza de jitomate pelado y picado,sin semillas', '4 cucharadas de consomé de verduras en polvo', 'Salsa tabasco al gusto']",https://www.recetasgratis.net/receta-de-sopa-caribena-9240.html
Chupín de camarones,,"['1\nPreviamente se pelan los camarones y se ponen a sancochar las conchas para hacer un consomé.', '2\nEste consomé se cuela y se desechan las conchas manteniendo el consomé en fuego lento.', '3\nMientras tanto, se pelan las papas y se cortan en daditos de aproximadamente 1 cm.', '4\nEstos se añaden al consomé junto con la tasa de arroz y el maiz en granos aumentando el fuego.', '5\nAparte, se licuan la cebolla, el pimentón, los ajos, el cebollín, el cilantro, el perejil y el ajoporro.', '6\nEsta salsa se sofrie en el aceite; y a éste sofrito le vamos a agregar los camarones pelados.', '7\nUna vez sofritos los camarones y verificando que las papas y el arroz estén blandos, le vamos a agregar los camarones al consomé, la cucharadita de comino, las hojitas de laurel y la sal y la pimienta al gusto.', '8\nPor otro lado, se pone a calentar la leche y cuando ésta esté hirviendo se la agregamos a la sopa enseguida, bajando el fuego a fuego lento y la dejamos cocinar por 5 minutos más antes de retirarlo del fuego.', '9\nPara servirlo, se colocan daditos de queso blanco duro de aproximadamente 1 cm en el fondo de un plato hondo y encima se sirve el Chupín de Camarones bien caliente.']","Valoración: 3,7 (16 votos)",5 comensales,45m,Plato principal,Dificultad media,,[],"['1 kilogramo de Camarones', '3 unidades de Patata grande', '1 taza de Arroz', '1 unidad de Pimiento rojo', '1 unidad de Cebolla', '3 dientes de Ajo', '500 gramos de Maíz en grano', '½ manojo de Cilantro', '½ manojo de Perejil', '1 rama de Cebollín', '½ unidad de Ajoporro', '2 cucharadas soperas de Aceite', '1 litro de Leche', '1 cucharadita de Comino', '3 hojas de Laurel', '½ kilogramo de Queso blanco duro', '1 pizca de Sal', '1 pizca de Pimienta']",https://www.recetasgratis.net/receta-de-chupin-de-camarones-9162.html
Caldo de alubias con longaniza,,"['1\nEn un recipiente cueza las alubias con el ajo y la cebolla hasta que suavicen.', '2\nAgregue las acelgas y el concentrado de tomate y continúe cocinando hasta que esté cocido todo.', '3\nAñada la longaniza y deje hervir 5 minutos más.sirva caliente.']","Valoración: 3,8 (6 votos)",,,,,,,"['1/4 de kilo de alubias remojadas desde la víspera', '21/2 litros de agua', '1/4 de acelgas limpias y picadas', '2 cubos de concentrado de tomate con pollo', '250 g de longaniza rebanada', 'Ajo', 'Cebolla']",https://www.recetasgratis.net/receta-de-caldo-de-alubias-con-longaniza-9066.html
Sopa de haba verde,,"['1\nEn el aceite de oliva se frien el ajo, la cebolla y el chile enteros, se agregan los jitomates que se dejan cocer solo unos minutos.', '2\nEntonces se añaden las habas y el caldo hirviendo que se dejan en la lumbre hasta que se cuezan al final la sopa se espolvorea con el silantro picado.']","Valoración: 3,4 (5 votos)",,,,,,,"['1/4 de taza de aceite de oliva', '1 diente de ajo picado', '1/2 cebolla picada', '1 chile de arbol sin semilla', '3 jitomates pelados en agua hirviendo y cortados en cubos', '250 gramos de habas verdes peladas', '2 litros de caldo de pollo', '1 manojo de cilantro picado']",https://www.recetasgratis.net/receta-de-sopa-de-haba-verde-9045.html
Sopa de mariscos,,"['1\nSe hace un caldo espumado muy bien con los 12 primeros ingredientes, luego se sumergen los camarones dentro del caldo de 5 a 7 minutos o hasta que cuezan,despues se retiran y se guardan, se cuecen los callos durante 1 minuto dentro del caldo y se cortan los trozos de pescado de 2 por 2 sentimetros sumergiendolos durante 5 minutos dentro del caldo.', '2\nManera de hacer la salsa:', '3\nSe muelen los jitomates,el ajo la cebolla y los chiles,que se frien en el aceite de oliva .', '4\nSe agrega el caldo colado que se aromatiza con hierbas de olor y se rectifica la sazon,entonces se agrega todos los pescados y mariscos,se sirve bien caliente con hojitas de epazote fresco.']","Valoración: 4,2 (34 votos)",,,,,,,"['2 litros de agua', '2 kilos de huesos de pescado', '1 taza de vino blanco seco', '4 zanahorias medianas en rebanadas muy delgadas', '1/kilo de poros partidos en 4', '1 nabo pequeño', '1 cebolla blanca', '4 dientes de ajo', '10 ramas de perejil', '4 hojas de laurel', '10 pimientas negras', '2 cucharadas de consome de pollo o sal al gusto', '500 gramos de camarones medianos', '250 gramos de callo de hacha', '20 almejas lavadas', '300 gramos de pulpo cocido y en trocitos', '600 gramos de pulpo crudo', '500 gramos de trozos de pescado', '50 gramos de pulpa de jaiva cocida', '3/4 de kilo de jitomate asado', '3 dientes de ajo', '1/2 kilo de cebolla', '4 chiles guajillos desvenados, sin semillas y remojados en agua caliente', '1/3 de aceite de oliva', 'epazote al gusto']",https://www.recetasgratis.net/receta-de-sopa-de-mariscos-9033.html
Receta FÁCIL y RÁPIDA,"La receta de gazpacho de verano consiste en una sopa o crema bien fresquita, ideal para los días de verano, un plato tradicional de la cocina andaluza. Es un excelente entrante lleno de vitaminas y minerales, además, es muy completo por todas las verduras que contiene. Asimismo, este gazpacho es una receta muy sencilla con base de verduras de temporada que debes aprovechar para consumirlas. También debes saber que esta crema es importante tomarla bien fresquita, por eso es mejor hacerla con antelación y dejarla un par de horas como mínimo, incluso se puede hacer de un día para otro y dejarlo en la nevera tapado, pero sin añadir el aliño de aceite y vinagre para que los sabores no se pongan fuertes.En RecetasGratis te enseñamos cómo hacer gazpacho de verano fácil y rápido. ¡A cocinar!","['1\nPara empezar con la receta de gazpacho de verano, primero prepara las verduras. Para ello, corta los tomates, puedes retirar la piel del tomate o dejarla. A continuación, trocéalos y colócalos en un vaso batidor. Por otro lado, lava el pimiento verde y trocéalo también. Pela la cebolla e incorpora junto con las verduras.\nTruco: medio pepino será suficiente, ya aporta mucho sabor, pero se puede añadir la cantidad que prefieras.', '2\nPela el pepino y corta en trozos pequeños, añádelo con el tomate. A continuación, pela el ajo y añádelo también.\nTruco: si crees que un ajo es mucho, puedes añadir medio diente.', '3\nCorta el pan, es mejor si es de un día o dos, retira la corteza y deja la miga. A continuación, trocea y añade a la batidora, se puede poner el pan en remojo primero si está muy duro, pero como lo triturarás no hace falta.', '4\nAñade un poco de agua agua fría hasta dejarlo con la consistencia que te guste, tritura muy bien. Si observas que queda muy claro, puedes añadir más pan o verduras, aunque estas tienen bastante agua.', '5\nCuando esté todo triturado, añade un chorro de aceite, vinagre y una pizca de sal. Vuelve a mezclar hasta que quede una crema bien fina. Prueba el gazpacho y rectifica si hace falta.', '6\nReserva el gazpacho en la nevera para que se quede bien fresquito. A la hora de servir debe estar bien frío. ¡A comer! Cuéntanos en los comentarios tu opinión y comparte con nosotros una fotografía del resultado final.']","Valoración: 3,3 (9 votos)",4 comensales,30m,,Dificultad baja,,[],"['600 tomates maduros', '1 trozo de pimiento verde', '1 trozo de cebolla', '1 diente de ajo', '1 trozo de pepino', '1 trozo de pan', '1 chorro de aceite de oliva', '1 chorro de vinagre', '1 pizca de sal']",https://www.recetasgratis.net/receta-de-gazpacho-de-verano-8856.html
Crema madrileÑa,,"['1\nPoner el caldo al fuego, cuando rompa el hervor echar los fideos en forma de lluvia.', '2\nRevolver y cocer cinco minutos, añadir la salsa de tomate y dejar hervir otros cinco minutos.', '3\nSazonar con sal. Servir caliente.']",Valoración: 2 (10 votos),,,,,,,"['1 litro de caldo', '2 puñados de fideos', '4 cucharadas de salsa de tomate espesa', 'Sal']",https://www.recetasgratis.net/receta-de-crema-madrilena-8560.html
Gazpacho de remolacha con picadillo de jamon y aguacate,,"['1\nLavar y cortar todas las verduras menos el aguacate y triturarlas en la batidora.', '2\nPasar por el chino.', '3\nSalar.', '4\nVerter 8 cucharadas de aceite y 5 de vinagre.', '5\nRemover bien.', '6\nEchar unos trozos de hielo.', '7\nEnfriar en la nevera durante unas horas.', '8\nHacer una juliana con el jamon.', '9\nEn el momento de servir, dividir el gazpacho en 6 tazas de consome.', '10\nPoner por encima el jamón, unos piñones, unos taquitos de aguacate debidamente pelado y un poco de cilantro.']",Valoración: 4 (8 votos),,,,,,,"['1 kilo de tomates rojos y maduros', '1 remolacha cocida mediana', 'Aceite de oliva', 'Sal', 'Vinagre', '1 pimiento verde', '1 cebolleta 1 diente de ajo', '1 ramillete de cilantro fresco', '1 aguacate maduro', '50 g de piñones', '50 g de jamon serrano en finas lonchas']",https://www.recetasgratis.net/receta-de-gazpacho-de-remolacha-con-picadillo-de-jamon-y-aguacate-8561.html
"Crema de champiñones, puerros y patatas",,"['1\nSeparamos las cabezas de los pedúnculos de los champiñones y lavamos todo muy bien.', '2\nEn un cazo ponemos la mantequilla a calentar y echamos los champiñones, los rociamos con un chorrito de limón y los salamos ligeramente.', '3\nDejamos que se hagan unos seis minutos a fuego muy suave.', '4\nSacamos la mitad de las cabezas y las cortamos por la mitad, las reservamos con su jugo.', '5\nAparte, pelamos, lavamos y cortamos las patatas y lavamos y cortamos los puerros en trozos de 3 cm. de largo.', '6\nEn una cacerola ponemos el aceite a calentar y cuando esté caliente echamos los puerros y las patatas, ambos mezclados, dando vueltas con una cuchara de madera durante 5 minutos.', '7\nLos rociamos con agua, que justo los cubra, salamos y cocemos durante 25 minutos aprox.', '8\nCuando estén templados pasamos por la batidora con todos los champiñones, excepto las cabezas que hemos cortado en láminas.', '9\nAñadimos las láminas con su jugo junto con la nata al puré, añadimos pimienta al gusto y rectificamos de sal y servimos bien caliente.']","Valoración: 3,5 (10 votos)",,,,,,,"['400 gr. de champiñones', '2 Patatas medianas', '2 Puerros mediano.', '30 gr. de mantequilla', 'Un chorrito de zumo de limón', '1 Vaso de nata (de los de vino tinto)', '3 Cucharadas soperas de aceite', 'Agua', 'pimienta']",https://www.recetasgratis.net/receta-de-crema-de-champinones-puerros-y-patatas-8559.html
Sopa tapada,,"['1\nCocinar el charque en una olla con agua y una vez cocido,molerlo en el tacú,hasta que queden trozos finos,(sino terminar de cortar con el cuchillo que quede en tiras pequeñas).', '2\nCocinar los plátanos, cortarlos en cuadrados al igual que los huevos.', '3\nFreir en una sartén la cebolla hasta que dore. agregar pimienta,comino y sal,incorporar el tomate picado y cuando éste se seshaga añadir el colorante, la carne, los huevos y los plátanos.', '4\nCocinar el arroz con agua y sal y 1/2 cebolla.', '5\nEn una fuente de horno, poner la mitad del arroz, cubrirla con la preparación anterior,tapar con la otra mitad del arroz, y meter al horno por unos 20 minutos decorar con huevos duros aceitunas negras.', '6\nServir caliente.']",Valoración: 4 (17 votos),,,,,,,"['1/2 kilo de charque de res (carne seca)', '2 plátanos maduros', '2 tazas de arroz', '3 huevos duros', '1 cebolla grande', '1 tomate', '1/2 cucharilla de pimienta molida', '1/8 cucharilla de comino molido', '1 cucharilla de colorante', 'aceitunas negras para adornar']",https://www.recetasgratis.net/receta-de-sopa-tapada-8388.html
Zarzuela de mariscos,"La zarzuela de marisco es un plato típico de la cocina española que suele prepararse para ocasiones especiales. Normalmente se prepara con ingredientes frescos y puede ser solo de marisco o de marisco y pescado como en este caso. Aunque se trata de un proceso relativamente lento, hacer zarzuela de mariscos es muy fácil, así que échale un vistazo a esta receta y anímate a probar lo mejor de la comida española.","['1\nLo primero que debemos hacer para preparar esta delicioso zarzuela de mariscos fácil es lavar muy bien los mariscos y el pescado. Para ello, empezaremos por los pulpitos, la sepia y las gambas. Corta la sepia en trozos de un bocado y lava todo con abundante agua.', '2\nPara limpiar las colas de rape, elimina bien toda la piel y desecha la espina central. Para hacerlo, has un corte por el centro como se ve en la foto, utiliza un cuchillo bien afilado y ten cuidado de no cortarte.', '3\nSi deseas, elimina los bigotes de las gambas, de esta forma la zarzuela quedará más limpia. También remoja las almejas en agua con sal para que boten a arena y lava los cuerpos, las cígalas y los mejillones. Recuerda que todos los ingredientes deben estar previamente descongelados en caso de que no sean frescos.', '4\nA continuación, cocina los mejillones al vapor. Reserva aparte los mejillones y el caldo de la cocción, previamente pasado por un colador. Si tienes dudas sobre esta cocción puedes consultar la receta de berberechos al vapor, ya que se trata del mismo procedimiento.', '5\nCalienta una sartén con aceite y haz un sofrito de ajo y cebolla, todo cortado finamente. Mantén la llama a fuego medio-bajo.', '6\nCon todo ya en orden, nos ponemos manos a la obra con la zarzuela. Para ello, calienta una olla con aceite, recuerda usar una olla lo suficientemente grande. Cuando empiece a calentar el aceite coloca los cuerpos de cangrejo.', '7\nPasados unos 2-3 minutos, incorpora a la olla los pulpitos y pasados otros 2-3 minutos, añade la sepia. Mantén la cocción a fuego alto todo el tiempo. Es importante que vayas esparciendo los mariscos por toda la olla, ya que es mejor no revolver la zarzuela.', '8\nDeja que pasen otro par de minutos coloca las cígalas, la idea es ir colocando capas de marisco. En este punto también tendrás que agregar las pastillas de caldo. Puedes añadirlas en polvo como se ve en la foto o disueltas en un poco de caldo de cocción de los mejillones.\nTruco: Para remover todo puedes sujetar la olla por las asas y mover un poco para que se mezclen ligeramente los mariscos. Lleva a cabo este proceso unas cuantas veces durante la cocción.', '9\nDespués de unos 2-3 minutos, añadimos las gambas y tapamos la olla. A continuación con la llama alta y dejamos que se cocine todo unos 15-20 minutos para que los mariscos vayan soltando el caldo.', '10\nMientras, cuando la cebolla empiece a ponerse transparente y el ajo esté hecho, añadimos el tomate rallado al sofrito. Revuelve bien todo y continua cocinando con la llama baja para que no se queme.', '11\nPasado el tiempo de cocción, abre la olla y retira los cuerpos de cangrejo. Reserva en una bandeja aparte. Este paso es opcional, ya que en este caso lo hacemos porque la olla no es tan grande para que entre todo. En este punto los cuerpos ya están hechos y se pueden retirar sin problemas.', '12\nUna vez hayas hecho espacio en la olla de la zarzuela de marisco, añade el rape troceado y las almejas previamente enjuagadas y escurridas. Reparte todo de forma uniforme y dale un par de sacudidas a la olla.', '13\nPasados otro par de minutos, incorpora todo el sofrito que hemos estado preparando a la olla. Recuerda continuar con la cocción a fuego alto y no remover con ningún tipo de cucharón la zarzuela.', '14\nPara terminar, añade todo el perejil junto con el caldo que hemos reservado de la cocción de los mejillones. Deja al fuego unos 3-5 minutos y apaga.', '15\nAhora si que puedes utilizar un cucharón y remover suavemente toda la zarzuela para repartir el sofrito y el perejil de forma uniforme. Ten cuidado de no romper los mariscos dentro de la olla.', '16\nColoca un cuerpo y unos cuantos mejillones en cada plato y sirve la zarzuela de mariscos. Puedes decorar el plato con una ramita de perejil y una rodaja de limón. Y si estas pensando en este plato para compartir en familia te recomiendo preparar unas bruschetta con aguacate como aperitivo.']",Valoración: 4 (19 votos),10 comensales,30m,Plato principal,Dificultad baja,,['Recetas españolas'],"['2 kilogramos de Cuerpos de cangrejo', '1 kilogramo de Pulpitos', '1 kilogramo de Sepia', '12 unidades de Cigala', '2 kilogramos de Gambas', '2 unidades de Pastilla de caldo concentrado', '2 unidades de Cebolla', '1 cabeza de Ajo', '1 manojo de Perejil', '5 unidades de Tomate', '1 kilogramo de Almejas', '1 unidad de Cola de rape (grande)', '2 kilogramos de Mejillones', '250 mililitros de Caldo de cocción de los mejillones']",https://www.recetasgratis.net/receta-de-zarzuela-de-mariscos-8252.html
¡También llamados guisantes!,No te pierdas esta maravillosa sopa de crema de arveja o guisantes tan nutritiva que puedes preparar en poco tiempo gracias al paso a paso que te enseñamos en RecetasGratis. Un plato fácil y rápido de elaborar que te servirá de entrante perfecto para cualquier ocasión. ¡Anímate y toma nota de los ingredientes!,"['1\nLicuar todos los ingredientes (menos el queso blanco) hasta lograr una mezcla cremosa.', '2\nCocer la sopa de arvejas a fuego lento hasta que hierva. Si se utilizó harina de arvejas se cocinará durante 40 minutos, cuidando que no se pegue, y en caso de usar arvejas cocidas la cocción durará sólo 10 minutos.', '3\nAgregar el queso blanco y los cubitos de pan integral tostados en horno a temperatura máxima.', '4\nServir la sopa crema de arvejas recién hecha. Puedes preparar para acompañar este rico entrante unas estupendas albóndigas rellenas de queso y una tarta de maracuyá  de postre por ejemplo.']","Valoración: 3,4 (10 votos)",2 comensales,30m,Entrante,Dificultad baja,,[],"['1 litro de caldo de verduras', '1 cebolla chica', '1 diente de ajo', 'Sal marina', '2 cucharadas de queso blanco', '1 taza de arvejas cocidas o guisantes (se puede reemplazar por ½ taza de harina de arvejas disuelta en agua fría)', 'Cubitos de pan integral', 'Perejil picado']",https://www.recetasgratis.net/receta-de-sopa-de-crema-de-arveja-8137.html
Caldo gallego facil,,"['1\nSe ponen las alubias en remojo en agua fría, durante la noche, y en agua templada el lacón.', '2\nEn una cazuela grande con bastante agua fría, se ponen a cocer las alubias, el lacón y el tocino.', '3\nCuando las alubias están medio cocidas, se les agrega la berza picada.', '4\nUna vez cocido todo, se añaden las patatas cortadas en trozos grandes.', '5\nEn la sartén se derrite la manteca de cerdo.', '6\nCuando está bien caliente, se dora un ajo y se añade al caldo.', '7\nSe sazona de sal y se deja cocer una hora más.', '8\nTiene que estar caldoso.']",Valoración: 4 (10 votos),,,,,,,"['Un tazón de Alubias blancas', 'Un trozo de Lacón', 'Un trozo de Tocino añejo', '3 Patatas grandes', 'Unas hojas de Berza', 'Un trozo de manteca de cerdo un poco rancia', 'Un Ajo']",https://www.recetasgratis.net/receta-de-caldo-gallego-facil-7964.html
Gazpacho de lechuga,,"['1\nSe colocan todos los ingredientes en el vaso de la batidora (mezcladora) con un poco de agua y se procede a triturarlos hasta formar una crema homogénea.', '2\nSe salpimienta y se aliña con un chorro de aceite y unas gotitas de vinagre.']","Valoración: 2,5 (81 votos)",,,,,,,"['Las hojas verdes de 2 o 3 lechugas', '2 o 3 yogures de leche de cabra o soja', '1 cucharada de alcaparras', '3 pepinillos en vinagre', '2 huevos duros', 'Vinagre balsámico', 'Aceite de oliva', 'sal', 'pimienta']",https://www.recetasgratis.net/receta-de-gazpacho-de-lechuga-7912.html
Sopa de puerros al limón,,"['1\nTrocear los puerros y cocer lentamente durante 1/2 hora.', '2\nDejar reposar y pasar por la Turmix y chino, añadiendo una crema hecha de harina, nata y huevo mezclado.', '3\nCocer 10 minutos y servir con un chorro de limón.']",,,,,,,,"['1 kilo de puerros (reservando las hojas verdes)', '1 litro de agua', '2 cucharadas de harina integral o copos', '1 vasito de leche o nata', '1 huevo', 'sal', 'nuez moscada', '2 cucharadas de limón']",https://www.recetasgratis.net/receta-de-sopa-de-puerros-al-limon-7834.html
Sopa light de ajo,,"['1\nEn una licuadora colocar los ajos con ½ litro de caldo y la miga de pan y licuar a velocidad máxima.', '2\nAgregue el resto del caldo y cocinar unos 4 minutos.', '3\nAgregue el aceite, el pimentón dulce y pimienta.', '4\nSirva bien caliente con unas hojas de orégano fresco.']",Valoración: 3 (1 voto),,,,,,,"['20 dientes de ajo asados(quitarles el brote verde si lo tienen)', '1 l (1000 cc) de caldo de verduras', '2 rodajas de pan lactal negro sin corteza', '25 cc de aceite de oliva', '1 cucharada de pimentón dulce español', 'Hojas de orégano fresco']",https://www.recetasgratis.net/receta-de-sopa-light-de-ajo-7828.html
Sopa fría de zanahoria y naranja,"La sopa fría de zanahoria y naranja es ligera y refrescante, ideal para consumir en climas calurosos o en época de verano. Aparte de esto, esta sopa fría es muy nutritiva y sana ya que nos aporta muchas vitaminas y minerales.","['1\nAntes de realizar esta receta, el primer paso es alistar todos los ingredientes.', '2\nEn una olla con aceite, sofreír por unos minutos la zanahoria, el ajo y la cebolla, todo cortado en trozos pequeños, salpimentar.', '3\nEs momento de agregar el caldo de pollo y el zumo de naranja. Cocinar a fuego bajo y tapado durante 30 minutos, rectificar sabor con sal y pimienta.', '4\nTranscurrido este tiempo, licuar la sopa hasta obtener una mezcla homogénea. Colar para obtener una sopa ligera, cuando esté un poco fría llevar a la nevera durante 30 minutos mínimo.', '5\nServir la sopa fría de zanahoria y naranja y disfrutar. Esta sopa ligera es perfecta para consumir en el verano al igual que el típico gazpacho de pepino o la sopa de melón con jamón. Si te ha gustado esta receta, tienes algún comentario o inquietud, danos tu opinión.']","Valoración: 3,6 (7 votos)",2 comensales,45m,Entrante,Dificultad baja,,['Recomendada para perder peso'],"['1 unidad de Zanahoria', '1 unidad de Naranja', '2 dientes de Ajo', '100 gramos de Cebolla', '1 chorro de Aceite de oliva', '300 mililitros de Caldo de pollo', '1 pizca de Pimienta', '1 pizca de Sal']",https://www.recetasgratis.net/receta-de-sopa-fria-de-zanahoria-y-naranja-7510.html
"Salsa de crema, gruyere y jamón",,"['1\nEn una sartén colocar la manteca con la crema de leche y la salvia cuando rompe el hervor agregar 50g de queso parmesano rallado y luego el queso gruyere rallado y por último el jamón cocido y el crudo.', '2\nSe condimenta con poca sal y pimienta negra de molinillo.']","Valoración: 4,2 (12 votos)",,,,,,,"['150g de jamón cocido cortado finito', '150g de jamón crudo cortado finito', '250g de crema de leche', '200g de queso gruyere rallado', '50g de manteca', '250g de queso parmesano rallado', '7 hojas de salvia picadas', 'Sal', 'pimienta a gusto']",https://www.recetasgratis.net/receta-de-salsa-de-crema-gruyere-y-jamon-7442.html
Crema de mariscos,,"['1\nHacemos el fumet de pescado y lo colamos.', '2\nEn una cazuela ponemos a pochar con un poco de aceite, la cebolla, el puerro, las zanahorias y los ajos todo ello sazonado con el tomillo, estragón y laurel, cuando estén en su punto añadimos la harina, el coñac y el vino blanco.', '3\nDejamos hervir 5 minutos y después añadimos el tomate, el fumet de pescado, los cangrejos y las gambas con cáscara (todo bien lavado), dejamos cocer durante unos 30 minutos.', '4\nAl cabo de este tiempo lo retiramos y trituramos con la batidora y lo pasamos por un colador, volvemos a ponerlo en el fuego y agregamos la nata líquida hasta obtener una crema homogénea.', '5\nRectificamos de sal y pimienta.', '6\nCortamos el puerro que tenemos para adornar en rodajitas y las freímos con un poquito de mantequilla y las ponemos por encima de la crema de mariscos en la sopera o bien en una taza de consomé.']","Valoración: 4,2 (12 votos)",4 comensales,45m,Entrante,Dificultad media,,[],"['½ k de cangrejos.', '150 g de gambas.', '150 g de cebollas.', '150 g de puerros.', '200 g de tomates.', '150 g de zanahorias.', '4 dientes de ajos.', '3 hojas de laurel.', 'Estragón.', '100 g de harina.', '¼ l de vino blanco.', '1 copa de coñac.', 'Nata líquida.', '2 puerros para adornar.', 'Tomillo.', 'Fumet de pescado.']",https://www.recetasgratis.net/receta-de-crema-de-mariscos-7363.html
Crema de cangrejo,No te pierdas esta deliciosa crema de cangrejo con bechamel tan melosa y sabrosa que te enseñamos en RecetasGratis porque no tiene desperdicio. Se trata de una crema de marisco con cangrejos exquisita que podrás servir como entrante en cualquier ocasión.,"['1\nCon 20 gramos de mantequilla se rehoga la zanahoria, las cebollitas y el perejil todo finamente picado.', '2\nSe agregan los cangrejos y cuando estos estén rojos se añade el vino. Se pone a fuego fuerte para que el vino se evapore.', '3\nSe sacan los cangrejos y se pelan. Se reservan 12 colas de cangrejo. El resto de los cangrejos pelados se pasan por la trituradora con el resto de la cocción.', '4\nSe hace la bechamel rehogando en mantequilla la harina hasta que tome color.', '5\nSe añade la leche hasta conseguir una fina salsa bechamel, y cuando esté espesa se agrega la crema de marisco con cangrejos con el resto de la mantequilla.', '6\nSe añade el caldo hirviendo poco a poco.', '7\nServir la crema de cangrejo recién hecha bien caliente o templada.']","Valoración: 3,9 (9 votos)",2 comensales,45m,Entrante,Dificultad baja,,[],"['500 ml de caldo', '500 gramos de cangrejos', '2 chalotas o cebollas francesas', '100 gramos de mantequilla', '500 ml de leche', '1 cucharada de harina', '1 vasito de vino blanco', '1 zanahoria']",https://www.recetasgratis.net/receta-de-crema-de-cangrejo-7314.html
Sopa de ajo castellana,"Si te gustan las sopas de verduras, seguro que conoces la famosa sopa de ajo. Con esta receta fácil podrás aprender a preparar una sopa sencilla pero de sabor contundente, ideal para los días de frío. La sopa de ajo castellana es una receta típica española.","['1\nSe pelan los ajos y se refríen en una cazuela de barro, se apartan y en el mismo aceite se fríe el pan cortado en dados.', '2\nSe incorporan los ajos y el pimentón e inmediatamente se cubre con agua o caldo para que éste no se queme.', '3\nCuando el caldo se haya reducido se escalfan los huevos.', '4\nSe da un último hervor y se sirve muy caliente. Disfruta de esta deliciosa sopa de ajo o sopa castellana en invierno o durante la época de semana santa cuando es la tradición.']","Valoración: 3,3 (6 votos)",4 comensales,30m,Entrante,Dificultad baja,,['Recetas españolas'],"['½ taza de Aceite', '1 litro de Agua', '6 dados de Ajo', '6 unidades de Huevo', '125 gramos de Pan en reabanadas', '1 cucharadita de Pimentón', '1 pizca de Sal']",https://www.recetasgratis.net/receta-de-sopa-de-ajo-castellana-7298.html
Crema de zanahoria fría,"En esta receta aprenderás a preparar una crema de zanahoria fría, muy sencilla y rápida. Además, requiere de ingredientes muy fáciles de encontrar y económicos. Sigue leyendo y descubre con RecetasGratis.net cómo hacer zanahorias a la crema.","['1\nPela las zanahorias y el puerro, lávalos y córtalos en rodajas finas. Luego, coge una olla, vierte agua y un poco de sal y ponla al fuego. Cuando hierva, introduce las rodajas de zanahoria y puerro y deja que se cocinen.', '2\nUna vez cocinadas las rodajas de zanahoria y puerro, se escurren y se baten con la batidora de mano. Si quieres una crema más suave, puedes pasar la preparación por el chino.', '3\nIncorpora la nata o crema de leche y sigue batiendo hasta integrar. Acto seguido, añade la mantequilla troceada y bate hasta obtener una crema suave.', '4\nEsta receta de crema de zanahoria está pensada para servirse fría, pero si quieres hacerlo caliente, puedes calentarla al fuego unos minutos. Y si quieres que te quede más líquida, añade un poco de leche.']",Valoración: 3 (10 votos),2 comensales,30m,Entrante,Dificultad baja,,[],"['50 gramos de Mantequilla', '250 gramos de Nata líquida', '1 unidad de Puerro', '1 pizca de Sal', '1 kilogramo de Zanahorias']",https://www.recetasgratis.net/receta-de-crema-de-zanahoria-fria-7260.html
Sopa de pollo y camarones,,"['1\nEn una olla con el agua y la sal ponga a hervir la pechuga de pollo junto con el puerro, el apio y la hoja de laurel.', '2\nCuando la pechuga esté cocida retírela con espumadera y déjela enfriar.', '3\nEn una olla de teflón ponga el aceite a fuego, cuando esté bien caliente baje la llama y dore allí el ajo y el echalote, agregue inmediatamente los camarones, salpimiente y rehogue durante 2 minutos.', '4\nVierta el caldo, tape y cocine a fuego mínimo hasta que suelte el hervor.', '5\nPique la pechuga de pollo y agréguela a la sopa.', '6\nRetire y descarte el laurel y sirva adornado con una rodaja de limón.']","Valoración: 3,3 (3 votos)",,,,,,,"['1 pechuga de pollo', '1 1/2 litro de agua', '1 cda de sal gruesa', '250 g de camarones limpios y frescos', '25 cc de aceite vegetal', '1 diente de ajo, picado', '2 echalotes en finas rebanadas', '1 puerro bien picado', '1 tallo de apio bien picado', '1 hoja de laurel', 'Sal y pimienta a gusto', 'Para decorar', 'Rodajas de limón']",https://www.recetasgratis.net/receta-de-sopa-de-pollo-y-camarones-7052.html
Sopa de mar,,"['1\nEn una olla grande, caliente el aceite de oliva a fuego moderado.', '2\nAgregue los puerros, el hinojo, el ajo, la sal y la pimienta, y saltee, revolviendo de vez en cuando, de 3 a 5 minutos, o hasta que se suavice los puerro.', '3\nAñada a la olla el caldo, el vino blanco, los tomates, el tomillo, y las hojas de laurel.', '4\nEspere a que suelte el hervor, tape, baje la llama y deje hervir a fuego lento por 25 minutos.', '5\nAgregue las almejas, tape y deje hervir por 5 minutos o hasta que se abra las almejas. (Tire las que no lo hagan.)', '6\nCon una espumadera pase las almejas a un bol y tápelas con papel de aluminio.', '7\nAñada los camarones para que hiervan unos tres minutos o hasta que estén bien cocidos; revuelva de vez en cuando.', '8\nRetire la hoja de laurel.', '9\nSirva la sopa con 4 tazones individuales y ponga 3 almejas,añada la albahaca.', '10\nSirva esta sopa de pescado estilo italiano con pan de ajo.']","Valoración: 3,3 (3 votos)",,,,,,,"['1 Cucharada de aceite de oliva', '2 puerros picados', '100 gr. de hinojo o apio, picados', '3 dientes de ajo picados', 'Sal', 'pimienta a gusto', '1 L de caldo o fume de pescado', '100cc de vino blanco', '½ Kg de tomates, pelados y sin semillas, con su jugo', '1 cucharadita de tomillo seco', '2 hoja de laurel', '12 almejas', '¼ Kg de camarones grandes', '¼ Kg de Abadejo', 'Albahaca fresca, picada']",https://www.recetasgratis.net/receta-de-sopa-de-mar-7050.html
Sopa de pescado a la italiana,,"['1\nHierva los mejillones en una olla con agua, retirarlos del fuego apenas se abren, deseche los que quedan cerrados.', '2\nSepare las valvas de los caparazones.', '3\nColoque el aceite en una cacerola y rehogar la cebolla, el hinojo y el ajo.', '4\nColoque luego los tomates picados, el extracto de tomate, el perejil y el caldo, déjelo todo a fuego fuerte hasta que hierva.', '5\nDeje hervir as fuego suave unos 5 minutos. Paso seguido agregar el pescado, los calamares y los langostinos, los mejillones y deje cocinar hasta que los pescados estén tiernos.']","Valoración: 3,3 (3 votos)",,,,,,,"['750 g de mejillones con caparazón', '500 g de filet de merluza o similar sin espinas cortados en cubitos', '500 g de langostinos pelados', '250 g de aros de calamar', '50 cc de aceite de oliva', '2 dientes de ajo picados', '200 g de hinojo picado', '1 cebolla picada', '500 g de tomate perita en lata', '40 g de extracto de tomate', '2 l de fondo de pescado', '70 g de perejil picado']",https://www.recetasgratis.net/receta-de-sopa-de-pescado-a-la-italiana-7051.html
Sopa de ave fácil,,"['1\nEn una sartén de teflón ponga la manteca a fuego moderado y rehogue el puerro y el echalote.', '2\nAñada la harina y revuelva con cuchara de madera hasta que se integre con la harina, sin que se dore.', '3\nVierta el caldo y caliéntelo hasta que suelte el hervor. Agregue las papas, la pechuga desmenuzada y la pimienta y cocine hasta que las papas estén tiernas. Añada el perejil justo antes de servir.']","Valoración: 2,8 (4 votos)",4 comensales,1h 30m,Plato principal,Dificultad media,,[],"['2 cucharadas de manteca', '1 puerro chico, en finas rodajas', '1 echalote fileteado', '1 cucharada de harina', '1500 cc de caldo de pollo', '500 g de papas blancas, peladas y cortadas en cubos bien pequeños', '1/2 pechuga de pollo, cocida y desmenuzada o rallada', 'Pimienta blanca', '2 cucharadas de perejil picado']",https://www.recetasgratis.net/receta-de-sopa-de-ave-facil-7045.html
Sopa de cebollas,,"['1\nEn una olla grande, con la tapa, caliente el aceite, agregue las cebollas y cocine, revolviendo con cuchara de madera, hasta que se pongan transparentes.', '2\nEspolvoree el azúcar, el orégano, el perejil, el comino, la pimienta de jamaica y la canela, y cocine unos 20 minutos, revolviendo de vez en cuando.', '3\nAgregue el vinagre y el jugo de naranjas, y cocine 5 minutos más.', '4\nIncorpore el caldo y deje hervir a fuego moderado.', '5\nTape y baje el fuego para que la sopa siga hirviendo a fuego lento hast que se reduzca y espese.', '6\nAgregue la sal y la pimienta.']","Valoración: 3,5 (13 votos)",,,,,,,"['3 cucharadas de aceite de oliva', '6 cebollas moradas o blancas, grandes, en rebanadas delgadas', '1 cucharada de azúcar', '1 cucharadita de orégano picado', '1/2 cucharadita de comino en polvo', '¼ cucharadita de pimienta de jamaica', '¼ de canela en polvo', '½ taza de vinagre de vino tinto', 'El jugo de 1 naranja', '1y1/2 litro de caldo de pollo', 'Sal', 'pimienta negra a gusto']",https://www.recetasgratis.net/receta-de-sopa-de-cebollas-7046.html
Sopa crema de tomates,,"['1\nDeshacer los calditos en el agua caliente y colocarlos dentro de la licuadora junto con el apio cortado el ajo, echalotes, los tomates y salpimentar ( se le pueden agregar otros condimentos según el gusto).', '2\nEn una olla colocar la manteca un chorro de aceite de oliva, agregarle la harina, ahora se le agrega la crema lentamente y luego el preparado de tomates, ir revolviendo con una cuchara de madera o similar.', '3\nDejar hervir esta preparación entre 5 y 7 minutos.']","Valoración: 3,3 (3 votos)",,,,,,,"['1 kg de tomates medianos', '3 calditos en cubos', '650 cm3 de agua caliente', '120 cm3 de crema de leche', '50 gr de harina ( dos cucharadas )', '80 gr de manteca', '2 dientes de ajo', '2 echalotes', 'el blanco de un apio', 'Aceite de oliva', 'Sal', 'pimienta']",https://www.recetasgratis.net/receta-de-sopa-crema-de-tomates-7036.html
Sopa crema de arvejas y panceta,,"['1\nEn una olla grande ponga las arvejas en agua con sal que las cubra unos 2 cm, tápela y cocine por 15 minutos.', '2\nLuego coloque las arvejas con el agua de cocción en una licuadora o procesadora junto con la harina y procese hasta lograr una mezcla suave y homogénea.', '3\nVuelque en la olla y póngala a fuego moderado, agregue la manteca, el caldo, la sal y la pimienta, y espere a que suelte el hervor.', '4\nBaje la llama al mínimo y deje que la sopa se cocine por 2 minutos revolviendo de vez en cuando.', '5\nIncorpore la crema de leche y deje cocinar unos minutos más.', '6\nAparte en una sartén de teflón caliente dore los cubos de panceta hasta que queden crocantes, retire y seque sobre papel absorbente.', '7\nSirva la sopa en pocillos individuales y decórelos con los cubos de panceta.']","Valoración: 3,3 (3 votos)",,,,,,,"['500 g arvejas frescas', '2 cucharadas de harina', '1 cucharada de manteca', '800 cc de caldo de pollo', '1 pote de crema de leche', '150 g de panceta en cubos pequeños']",https://www.recetasgratis.net/receta-de-sopa-crema-de-arvejas-y-panceta-7027.html
Sopa de albóndigas de pollo,,"['1\nEn un bol remoje el pan en la leche hasta que se ablande. Aplástelo con un tenedor y agregue el ave, el perejil, la clara, la sal, la salvia, y la salsa inglesa.', '2\nMezcle bien hasta integrar todos los ingredientes. Con las manos húmedas, forme bolitas con 1 cucharada de la mezcla y colóquelas sobre papel enmantecado.', '3\nen una cacerola grande mezcle el caldo, el apio las zanahorias, los champiñones, el oporto, el tomillo, la salvia y la pimienta.', '4\nLleve a hervor, tape y cocine por 15 minutos, luego ponga las albóndigas en el caldo.', '5\nAgregue las cebollitas de verdeo, tape y cocine hasta que las albóndigas estén cocidas. Adorne los platos con las almendras y el perejil.']",Valoración: 3 (7 votos),4 comensales,30m,Plato principal,Dificultad media,,[],"['2 rebanadas de Pan', '2 cucharadas soperas de Leche', '350 gramos de Pechuga de pollo o pavo picada', '2 cucharadas soperas de Perejil picado', '1 unidad de Clara de huevo', '1 pizca de Sal', '¼ cucharadita de Salvia en polvo', '1 cucharadita de Salsa inglesa', '750 centímetros cúbicos de Caldo de pollo', '1 unidad de Tallo de apio picado', '2 unidades de Zanahorias en rodajas', '200 gramos de Champiñones fileteados', '1 cucharadita de Oporto', '1 pizca de Sal', '1 pizca de Pimienta negra', '1 pizca de Salvia en polvo', '1 pizca de Tomillo en polvo', '3 unidades de Cebolla de verde enteras']",https://www.recetasgratis.net/receta-de-sopa-de-albondigas-de-pollo-7026.html
