title,intro,order,votes,comensales,duración,para,dificultad,ingredientes,url,coste,types
ceviche de caracol del pacífico salvadoreño,,"['1\nSe lavan los caracoles y se cortan por la mitad limpiandolos, luego se cortan en trocitos y se le añade la cebolla y tomate picados, el cilantro, trocitos de chile verde o en julianas pequeñas, orégano en polvo, sal al gusto, y se cubre con limón y se refrigera por 1/2 hora.', '2\nAl servir se le coloca un poco de jugo de tomate frío y la salsa negra, se adereza al gusto con chile picante (chiltepe o jalapeño) se acompaña de galletas saladas y una buena cerveza.']","Valoración: 3,8 (34 votos)",,,,Dificultad baja,"['1 lb de caracol nacional (del océano pacífico, si no puede sustituirse por otro sea marino o de agua dulce)', '2 tomates grandes', '1 cebolla', '1 chile verde', 'cilantro', 'orégano en polvo', 'sal', 'limones', 'chile picante', 'salsa negra (inglesa', 'jugo de tomate']",https://www.recetasgratis.net/receta-de-ceviche-de-caracol-del-pacifico-salvadoreno-33547.html,,
empanadas voli,,"['1\nMescle todo hasta formar una pasta sin grumos luego amase yforme circulos o bolas estiendalas.', '2\nLe echa el queso las dobla cerrando bien, las frie y a disfrutar.']","Valoración: 3,8 (10 votos)",,,,Dificultad alta,"['4 huevos', '3 tazas de arina', 'Mantequilla derretida', '1vaso de leche', 'Queso de cualquier tipo', 'Procedimiento']",https://www.recetasgratis.net/receta-de-empanadas-voli-33540.html,,
niditos de amor,,"['1\nSe parten los huevos por la mitad y se le quita la llema.', '2\nLa llema se revuelve con la mayonesa,la cebolla,la sal y la pimienta.', '3\nPARA SERVIR. Se coloca la zanahoria y la calabaza en el plato en forma de nido y a la mitad del huevo que quedo se rellena con la mezcla.']","Valoración: 3,3 (21 votos)",,,,Dificultad alta,"['4 huevos cocidos', '3 zanahorias rayadas', '3 calabazas rayadas', 'Mayoneza', 'Sal', 'Pimienta al gusto', 'Cebolla picada']",https://www.recetasgratis.net/receta-de-niditos-de-amor-33531.html,,
Tamales de Gallina,,"['1\nEn una olla se pone a hervir 1 gallina o pollo en agua con sal, cebolla, 2 hojas de laurel, 3 dientes de ajo, apio, chile verde, orégano, hierbabuena y cilantro.', '2\nRetire hasta que se encuentre blanda. Deshuese la gallina.', '3\nMASA. Agregue a la harina de maíz 1 1/2 tazas de caldo de Gallina o pollo para formar una masa un poco espesa.', '4\nAgregue la manteca y póngala a fuego medio hasta que hierva moviéndola constantemente hasta que la manteca se haya consumido. Debe quedar una masa muy suave.', '5\nSALSA de TOMATE. Licue 12 tomates, 4 dientes de ajo, una cebolla pequeña, las especies “relajo”, el chili powder (pimentón), 2 cucharadas de consomé de pollo y 1 taza de caldo de gallina o pollo.', '6\nCocine a fuego lento por 15 minutos. Divida la salsa en 2 partes, (A y B); la parte A se la incorpora a la masa muy suave de maíz ya preparada.', '7\nExponga al sol por 20 minutos las hojas de plátano (banana) para que se ablanden', '8\nCortándolas tamaño (81/2 X 11 cm.) sin venas.', '9\nPara formar el tamal.', '10\nColoque sobre 1 hoja de plátano (banano), 2½ cucharadas de masa de maíz, colocándola en el centro, déle forma circular y agregue en el centro un poco de la salsa (B) de tomate cocida, carne de gallina o pollo, 1 cucharadita de zanahorias, 1 cucharadita de papas, 4 alcaparras, 2 aceitunas, 4 garbanzos.', '11\nUna los dos extremos de la hoja enrollando y sellando el contenido; presione los extremos hacia el centro, doblando para envolver, dándole al tamal la forma de una almohada', '12\nPara cocer los tamales.', '13\nAl fondo de una olla grande se hace una cama de hojas de plátano, se colocan los tamales uno encima del otro en forma circular y se agrega agua hasta cubrirlos dejando hervir a fuego lento por 45 minutos.', '14\nSirva acompañados de encurtido de los siguientes ingredientes picados: repollo, zanahoria y cebolla, agrégueles al gusto orégano, sal, pimienta, chile picante (opcional) y vinagre.']","Valoración: 4,6 (89 votos)",,,,Dificultad baja,"['Tamales de Gallina (Plato Típico Salvadoreño)', '“Recetas de Mama Fita”®', 'Ullork & Associates, Inc. Food Division, Miami, Florida, USA ®2007', '1 Gallina o Pollo grande de 5 Lb.', '1 Lb. de papas cortadas en cubitos (sin cocer)', '4 onzas de garbanzos cocidos y pelados', '2 zanahorias cortadas en cubitos (sin cocer)', '12 tomates pequeños', '7 dientes de ajo', '1 cebolla pequeña', '1 chile verde', '4 rajas de apio', 'Ramas de orégano, perejil y cilantro', '2 cucharadas de especies “relajo” *', '1 cucharada de Chili Powder (pimentón)', '2 hojas de Laurel', '2 sobrecitos de Consomé de Pollo', '1 libra de manteca de cerdo', '2 libras de harina de maíz', 'Aceitunas y Alcaparras', 'Sal al gusto', 'Agua', 'Hojas de plátano (banano)']",https://www.recetasgratis.net/receta-de-tamales-de-gallina-33465.html,,
pa amb tomàquet,,"['1\nCoger el pan (si esta congelado descongelar)', '2\nCoger el tomate y cortarlo por la mitad con un cuchillo de categoria alta', '3\nUntar el pan con tomate, por favor empiezen con una mitad del tomate y si se acaba utilizad la otra.', '4\nDejar el pan encima de un plato LIMPIO.', '5\nPoner sal y aceite sin abusar. (si puede ser que el tomate destaque).', '6\nPoner el embutido encima del pan por la parte del tomate.', '7\nAQUESTA RECEPTA ES CATALANA CATALANA PURA!!! sobretot no us talleu els dits i bon profit..........!!!!!!!!!!']","Valoración: 3,6 (28 votos)",,,,Dificultad baja,"['pan', 'tomate', 'aceite', 'sal', 'embutido (quesito, jamon, salami...)']",https://www.recetasgratis.net/receta-de-pa-amb-tomaquet-33389.html,,
RECETA MEXICANA ORIGINAL,"Los tacos de pescado son un rico antojito mexicano, originarios de Baja California, aunque se pueden encontrar fácilmente en restaurantes de mariscos en casi todo México. Este platillo consiste en una tortilla de maíz rellena de pescado, el cual se cocina rebozado y frito. Para el rebozado del pescado suele utilizarse harina, huevo, sal y agua mineral o cerveza; en algunos lugares también se condimenta con algunas especias como paprika, orégano y comino. Todo esto se acompaña con col rallada, aguacate, limón y salsa roja, de chile de árbol o habanero, pero también se puede degustar con mayonesa o algún otro aderezo para mariscos.¡No tendrás problema en preparar esta receta de tacos de pescado! Aunque normalmente el pescado que se utiliza es el róbalo, siempre puedes sustituirlo por algún otro como sierra, huachinango o mero. En cualquier caso, sigue leyendo y descubre cómo hacer tacos de pescado siguiendo la receta original mexicana.","['1\nPara comenzar la receta de tacos de pescado mexicanos, corta en tiras el filete de pescado, sazona con un poco de sal al gusto, una pizca de pimienta negra y una pizca de ajo en polvo, mezcla y deja reposar por 10 minutos. Recuerda que, si no tienes róbalo, puedes hacer, por ejemplo, tacos de pescado con merluza o cualquier otro pescado que te guste.\nTruco: el tamaño de las tiras puede ser de 2 a 3 centímetros.', '2\nMientras reposa el pescado, prepara la mezcla para el rebozado. En un recipiente mezcla la harina de trigo, la fécula de maíz, la sal y un poco de ajo en polvo. Este último ingrediente aportará a los tacos de pescado un extra de sabor, pero siempre puedes añadir alguna especia que te guste.', '3\nAñade el agua mineral o cerveza y mezcla hasta obtener una textura liviana. Si sientes la mezcla muy espesa, agrega un poco más de agua mineral o cerveza.', '4\nPon a calentar suficiente aceite en una olla. Mientras se calienta el aceite, pasa las tiras de pescado por la mezcla anterior para rebozarlas.\nTruco: utiliza una olla grande para hacer fritura profunda.', '5\nCuando esté caliente el aceite, fríe el pescado por unos segundos o hasta que notes que está dorado. Después, retíralo del aceite y deja que repose en un recipiente con papel absorbente para quitar el exceso de grasa.', '6\nArma tus tacos de pescado con tus tortillas calientes, de manera que agrega una o dos tiras de pescado ya frito, agrega col rallada, unas rebanadas de aguacate y disfruta con una rica salsa.Consulta la Receta de masa para tacos y elabora tus propias tortillas.']","Valoración: 4,2 (49 votos)",6 comensales,45m,Plato principal,Dificultad baja,"['500 gramos de filete de pescado', '2 tazas de agua mineral o cerveza', '2 tazas de harina de trigo (280 gramos)', '½ taza de fécula de maíz (62½ gramos)', '1 pizca de pimienta negra molida', '1 pizca de sal', '1 pizca de ajo en polvo', '500 mililitros de aceite vegetal', 'Tortillas de maíz', '1 aguacate', '1 trozo de col blanca o morada', '1 limón', 'Salsa al gusto']",https://www.recetasgratis.net/receta-de-tacos-de-pescado-33372.html,,['Recetas mexicanas']
tarta de queso con galletas tipo digestive,,"['1\nMachacar las galletas hasta que queden completamente trituradas. Echamos las migas en un tazón mediano y las mezclamos con 50 g de azúcar (1/4 de taza). Derretimos la mantequilla a fuego medio-bajo. La mezclamos con las migas de galletas y mezclamos hasta que queden completamente impregnadas. En un recipiente desmontable engrasado echamos la mezcla y con ayuda del fondo de algún recipiente o vaso las aplastamos hasta que la base de la tarta quede uniforme. También extendemos la mezcla aproximadamente 2,5 cm en los bordes del molde. Cubrimos y refrigeramos mientras preparamos el relleno de la tarta de queso.', '2\nPonemos en la taza de la batidora el queso crema, el azúcar (200 g) y la harina. Batir a velocidad media hasta que esté suave (alrededor de 1 minuto). Añadir los huevos, uno a la vez, batiendo bien (cerca de 30 segundos) después de cada adición.', '3\nAñadir la nata o crema de leche, la ralladura de limón y la vainilla y batir hasta que se incorpore (alrededor de 1 minuto).', '4\nSacamos la base de la tarta del frigorífico y vertemos la mezcla sobre ella. Horneamos a 180ºC durante aproximadamente 15 minutos. Luego, reducimos la temperatura del horno a 120ºC y continuamos la cocción durante otra 1 1/2 horas o hasta que esté firme y sólo el centro de la tarta de queso parezca humedo.', '5\nRetirar del horno y colocar sobre una rejilla. Para prevenir que aparezcan grietas en la superficie de la tarta de queso mientras se enfría, podemos pasar un cuchillo alrededor de la base, despegándola del borde.En un bol mediano mezclar la crema agria, el azúcar (2 cucharadas=30 gramos) y la vainilla. Extendemos el relleno sobre la tarta de queso caliente y nuevamente lo metemos al horno durante 15 minutos más.', '6\nRetirar del horno y dejar enfriar (esta tarta de queso sabe mejor después de haber sido refrigerada durante unas 12 horas). Se puede comer tal cual o adornar con mermelada de fresas y fresas naturales o en conserva.']","Valoración: 3,3 (21 votos)",,,,Dificultad baja,"['200 g. de galletas tipo digestive', '50 g. (1/4 de taza) de azúcar granulado', '120 g. de mantequilla fundida', '1 kg. de queso crema (quark philadelphia)', '1 taza (200 g) de azúcar', '3 cucharadas (35 g) de harina', '5 huevos enteros', '1/3 de taza (80 ml) de nata líquida', '1 cucharadita de extracto de vainilla', 'ralladura de 1 limón', '250 ml de crema agria o 1 yogur natural sin azúcar', '2 cucharadas de azúcar blanco', '1/2 cucharadita de extracto de vainilla']",https://www.recetasgratis.net/receta-de-tarta-de-queso-con-galletas-tipo-digestive-33340.html,,
Canapés con gambas,,"['1\nPelo unas gambas, contando que cada canapé llevara de tres a cuatro de ellas, pelo y corto en laminas bastantes ajos, y los pongo en una sartén con aceite de oliva, y dejo que se hagan despacio, pero sin que se doren, luego pongo las gambas y las dejo hacer con los ajos, aparto la sartén.', '2\nCorto unas rebanadas de pan y lo tuesto, mejor si es rústico pero vale cualquiera, pongo un poquito de aceite de oliva en cada una, mayonesa y encima las gambas con los ajitos, y un poquito de la salsa que queda en la sartén. Deliciosos', '3\nPuedes terminar la decoración espolvoreando un poco de perejil seco.']","Valoración: 3,6 (40 votos)",6 comensales,15m,Entrante,Dificultad baja,"['500 gramos de Gambas', '4 dientes de Ajo', 'Mayonesa', 'Pan']",https://www.recetasgratis.net/receta-de-canapes-con-gambas-33333.html,,[]
croquetas de bacon,,"['1\nSe sofríe la cebolla en un poco de aceite, una vez que este pocha se le agrega el bacon cortado en trocitos pequeños y se rehoga un poco con la cebolla, después se agrega la harina y la maicena, ha fuego lento se mezcla con lo anterior y se le hecha la leche, se remueve todo muy bien hasta que se deshaga la harina y a fuego medio se sigue moviendo hasta que se forme una masa espesa que se separe de los laterales de la sartén. Una vez que este listo se vierte en un recipiente y se deja enfriar.', '2\nCuando se enfrie con una cuchara se separa porciones pequeñas y se moldean pasándola por huevo batido y pan rallado.', '3\nUna vez empanadas todas se fríen en aceite bien caliente, y listas para comer.', '4\nDESEO QUE OS GUSTEN. BUEN PROVECHO.']","Valoración: 3,5 (31 votos)",,,,Dificultad alta,"['1 cebolla', '100 gr.de bacon magro', '4 cucharadas grandes de harina', '2 cucharadas de maicena', '1 pizca de pimienta negra', '1 pizca de nuez moscada', '1 pastilla de caldo de pollo', '3/4 litros de leche', '1 huevo batido', 'pan rallado']",https://www.recetasgratis.net/receta-de-croquetas-de-bacon-33253.html,,
Croquetas de atún caseras,,"['1\nPones a derretir a fuego bajo una barra de mantequilla, luego le añades poco a poco una taza de harina de trigo.', '2\nUna vez que esta se ha incorporado le añades muy lentamente una lata de leche evaporada light esto debe hacerse muy lentamente hasta que se logra una masa homogénea que se despega del recipiente. A esa medida le pongo 4 latas de atún ligth calvo y amaso hasta que todo queda bien unido.', '3\nSe le añade el vino, la cebolla deshidratada y se mezcla bien. Se pone en la nevera y pasadas unas dos horas se amasa para darles forma y se empanizan luego a freír y que les guste.', '4\nPuedes servir las deliciosas croquetas de atún caseras con alguna salsa como la de cebolla dulce.']",Valoración: 4 (292 votos),15 comensales,15m,Entrante,Dificultad baja,"['4 latas de Atún', '1 taza de Harina de trigo (140 gramos)', '2 cucharadas soperas de Vino seco', '3 cucharadas soperas de Cebolla deshidratada', '1 barra de Mantequilla', '1 lata de Leche evaporada', '1 unidad de Huevo batido', '1 taza de Pan rallado']",https://www.recetasgratis.net/receta-de-croquetas-de-atun-caseras-33138.html,,[]
bocaditos de jamon y pimienta,,"['1\nSe corta el pan en rebanadas ni pequeñas ni muy grandes. A continuaciónse echa mayonesa, después se echa una loncha de jamón.', '2\nSeguidamente se echa un leve chorrito de aceite de oliva en cada bocado, después se echa la pimienta(un poco más de lo normal) y finalmente se pone el perejil.', '3\nEsta receta también se puede hacer con salchichón.']","Valoración: 3,7 (94 votos)",,,,Dificultad media,"['una barra de pan/panecillos de canapes', 'jamon', 'pimienta negra', 'mayonesa', 'aceite de oliva', 'perejil']",https://www.recetasgratis.net/receta-de-bocaditos-de-jamon-y-pimienta-33105.html,,
empanadas de atun y espinaca,,"['1\nhervir la espinaca (o acelga) es una cacerola, hasta que se ablande un poco', '2\ncolar', '3\nen una sarten,rehogar la cebolla hasta que tome un color claro.', '4\nAgregar la espinaca previamente escurrida y cortada en pedazos chicos', '5\ncocinar unos minutos a fuego lento, agregar queso rallado.', '6\nretirar del fuego, una vez frio agregar el atun y 2 huevos duros.', '7\nmezclar. agregar el queso port salut cortado en cubos', '8\nponer la mezcla sobre las tapas de empanadas. cerrar.', '9\nbatir un huevo y pasarle con un pincel a cada empanada.', '10\ncocinar en horno moderado- fuerte hasta que doren.', '11\nenfriar y comer.']","Valoración: 3,9 (31 votos)",,,,Dificultad baja,"['un atado de espinaca previamente apenas hervido', '1 1/2 cebolla grande', '3 huevos', 'queso rallado(una cucharadita)', 'queso port salut cortado en cubos(cantidad necesario) aproximadamente 10 cubitos', 'una lata chica de atun al aceite', 'sal a gusto (solo un poco)', 'tapas de empanadas']",https://www.recetasgratis.net/receta-de-empanadas-de-atun-y-espinaca-33077.html,,
Croquetas de pollo ricas ricas,,"['1\nSe asan las pechugas y se desmenuzan . En una sarten se sofrien el ajo, cebolla, pimiento, zanahoria rallada y perejil cuando este listo echarle un chorrito de salsa de tomate (ej Tomator) y pasarlo todo por el brazo para que no queden tropezones.', '2\nAñadirlo al pollo desmenuzado y colocarlo todo en la sarten, añadir la harina junto con la levadura, la sal e ir incorporando la leche poco a poco.', '3\nCuando este lista la masa que no se pegue a la sarten retirar para que se enfrie.', '4\nLuego preparar las croquetas pasarlas por huevo batido y pan rallado. Freir y listas para comer. Quedan ricas ricas.']","Valoración: 4,2 (102 votos)",,,,Dificultad baja,"['2 pechugas de Pollo asadas', '½ unidad de Cebolla', '1 diente de Ajo', '½ unidad de Zanahoria rallada', '1 taza de Trozitos de Pimiento rojo', '1 botella de Salsa Tomate', '1 manojo de Perejil', '1 pizca de Sal', '200 mililitros de Leche', '2 cucharaditas de Harina', '1 cucharadita de Levadura']",https://www.recetasgratis.net/receta-de-croquetas-de-pollo-ricas-ricas-33028.html,,
Papas fritas con berberechos,,"['1\nSe fríen las papas y cuando estén medio hechas se le añade unos dientes de ajo pelados.', '2\nCuando esté todo listo para sacar se ponen en un plato y se añade una lata de berberechos por encima con el agua que traen.']","Valoración: 3,6 (40 votos)",,,,Dificultad baja,"['Papas', 'Dientes de ajo', '1 lata de berberechos']",https://www.recetasgratis.net/receta-de-papas-fritas-con-berberechos-32967.html,,
canapés de pescado y marisco,,"['1\nEl atún escurrirlo (el de lata),las bocas de mar cortarlo en trocitos chiqititos, los huevos duros rallarlo(en grande no muy fino),y removerlo todo con la mayonesa al gusto.Echar la mezcla en las tostaditas no mucha cantidad solo la necesaria y decorarla con las gambas o langostinos cocidos,pelados y enteros.', '2\nY al final un toke de eneld para darle color a los canapés.']","Valoración: 4,1 (63 votos)",,,,Dificultad media,"['1 paquete de Mini-biscuites, (tostadas pequeñitas y listas para rellenar)', '1 paquete de Gambas o langostinos cocidos', '1 tarro de Mayonesa', '1 paquete de Boca de mar', '1 lata de Atún', '1 rama de Eneldo para decorar', '2 unidades de Huevo duro']",https://www.recetasgratis.net/receta-de-canapes-de-pescado-y-marisco-32938.html,,
Dip de pimenton,,"['1\nSacamos el queso crema de su envase y lo mezclamos con el queso parmesano.', '2\nLo metemos el molde que desemos pero forrado en plástico para poder desmoldar, lo llevamos a la nevera por una hora, aparte.', '3\nSe corta 1/2 pimenton en cuadritos y el resto a la juliana. Se coloca a fuegolento con los otros ingredientes.', '4\nCuando este espeso o melao se baja del fuego y deja enfriar; para rociarlo encima del queso crema. Se sirve con tostadas o galleticas.', '5\nDisfrutelo y comenteme.']","Valoración: 3,9 (26 votos)",,,,Dificultad media,"['1 pimenton rojo o maduro', '1 pocillo de vinagre blanco', '3 cucharadas de azúcar', '1/2 pocillo tinto de agua', '1 pote de queso crema', '250 grs de queso parmesano']",https://www.recetasgratis.net/receta-de-dip-de-pimenton-32843.html,,
Enchiladas de pollo con queso,,"['1\nSe cuecen las pechugas, se desmenuzan, se les agrega la crema de champiñones sin rebajar, se calienta, se fríen las tortillas.', '2\nSe cocen los chiles,el ajo y el tomatillo, se licuan aciendo una salsa espesa,ya frita la tortilla se remoja con la salsa', '3\nSe pone en el plato se le agrega pollo con la crema y se le pone queso, se repite esta ración, se recomiendan tres enchiladas por persona.']","Valoración: 4,1 (74 votos)",4 comensales,30m,Entrante,Dificultad media,"['2 pechugas de Pollo', '1 unidad de Tomatillo', '1 unidad de Chile verde (chilaca ò jalapeño)', '1 diente de Ajo', '1 paquete de Crema de champiñones', '1 paquete de Tortillas de maiz', '1 barra de Queso', '1 chorro de Aceite']",https://www.recetasgratis.net/receta-de-enchiladas-de-pollo-con-queso-32838.html,,['Recetas mexicanas']
PASAPALOS POMPAS DE JAMON Y CHORIZO,,"['1\nSE LICUA LA YUCA CON DOS VASOS DE AGUA UNA VEZ LICUADA SE DEJA ACENTAR HASTA QUE LA SUPERFICIE QUEDE SIN LA HARINA DE LA YUCA SE ESCURRE CON CUIDADO Y SE EMPLEA LA MASA DE YUCA QUE QUEDO HACENTADA.', '2\nSE LE AÑADE LA LECHE Y LAS TRES CUCHARADAS DE MARGARINA LA MEZCLA DEBE QUEDAR COMO PARA HOT CAKES LUEGO SE COLOCA UNA CANTIDAD EN UN SARTEN DE TEFLON UNA VEZ LISTAS LAS TORTILLAS DE YUCA SE LLELLENAN CON LA MECLA CRUDA DE JAMON Y CHORIZO.']","Valoración: 3,6 (70 votos)",,,,Dificultad baja,"['PARA LA MASA', '2 KILOS DE YUCA', '3 CUCHARADAS DE MARGARINA SIN SAL', 'UNA CUCHARADITA DE SAL', '3 VASOS DE AGUA', 'MEDIA TAZA DE LECHE', 'PARA EL RELLENO', '1 KILO DE JAMON DE PIERNA', '4 CHORIZOS BIEN GRANDES', '2 TOMATES PELADOS', '2 PIMIENTOS PICADITOS', '1 CEBOLLA MORADA']",https://www.recetasgratis.net/receta-de-pasapalos-pompas-de-jamon-y-chorizo-32836.html,,
Canapés de salmón ahumado y queso,En esta receta vamos a realizar tres opciones muy sencillas de canapés de salmón ahumado y queso crema. Este aperitivo fácil y delicioso se puede preparara para disfrutar en familia o con amigos en cualquier momento. Sigue la receta paso a paso y disfruta de la mezcla de sabores con el queso crema y el salmón ahumado.,"['1\nEl primer paso para realizar los canapés de salmón ahumado es prealistar los ingredientes de la receta. Para las tostadas puedes utilizar pan bagget en tajadas delgadas y en cuanto a las especias, puedes reemplazar el orégano por eneldo fresco, tomillo o la que más te guste.', '2\nLleva un sartén a fuego medio con un poquito de aceite, una vez caliente adiciona el tocino ahumado en tiras muy finas. Dora muy bien el bacon y retira del fuego una vez estén listas.', '3\nA continuación, realizaremos las tres bases saborizadas de esta receta. Para ello, en un tazón adiciona el queso crema y con la ayuda de una cuchara ablanda un poquito para que no se encuentre tan firme.', '4\nAgrega sal, pimienta negra y pasta de ajo si deseas para realzar el sabor de nuestro dip base de queso crema. Mezcla bien y adiciona la crema de leche o nata.', '5\nLo ideal es obtener un queso crema que sea más cremoso y fácil de untar. Se debe obtener una textura suave como la que se observa en la fotografía.', '6\nAgrega la cebolla blanca finamente picada y mezcla bien todos los ingredientes hasta que se integren.', '7\nSepara la crema de queso en tres tazones. Añade en uno la tocineta dorada y mezclamos muy bien, el contraste de el bacon con el salmón ahumado resulta realmente fantástico.', '8\nEn el otro adiciona salmón ahumado finamente picado (unos 20 gramos de los 200 que tenemos para realizar los canapés de salmón). Mezcla muy bien hasta que se integren los ingredientes. Si tienes salmón fresco puedes ahumarlo siguiendo la receta de salmón ahumado casero.', '9\nEn el ultimo bol de queso crema saborizado adiciona la especia que hayas elegido. \nTruco: El orégano, la albahaca y el tomillo combinan muy bien con el salmón', '10\nUnta las tostadas con las diferentes mezclas de queso. El tamaño ideal es el de un bocado, así será más fácil de disfrutar este aperitivo con salmón ahumado.', '11\nLleva las tostadas con cada uno de los dips al plato donde se servirán. Mezcla las tostadas para que los comensales prueben todos los sabores.', '12\nFinalmente, agrega un rollito de salmón ahumado encima de cada uno de los canapés, espolvorea perejil encima al gusto y estamos listos para consumir. Los canapés de salmón ahumado y queso son una opción, elegante, gourmet y deliciosa para preparar la mesa de aperitivos navideños. Si deseas más recetas con salmón y tienes algún comentario o inquietud, escríbenos.¡Disfruta!']","Valoración: 3,5 (30 votos)",6 comensales,45m,Entrante,Dificultad baja,"['30 unidades de Tostadas de pan pequeñas', '200 gramos de Salmón ahumado', '60 gramos de Bacon o tocineta ahumada', '1 unidad de Cebolla blanca grande', '3 cucharaditas de Orégano', '250 gramos de Queso crema', '120 gramos de Crema de leche o nata', '1 cucharadita de Pasta de ajo', '1 pizca de Sal', '1 pizca de Pimienta negra']",https://www.recetasgratis.net/receta-de-canapes-de-salmon-ahumado-y-queso-32817.html,,[]
Paté de huevo y palitos de cangrejo,"Los huevos son un alimento que se presta a la elaboración de diversos canapés muy variados. Una forma muy sencilla y rica de hacerlos es rellenos pero, ¿de qué? En esta receta de RecetasGratis.net queremos enseñarte a hacer un canapé de huevo y palitos de cangrejo, toma nota.","['1\nSe pone a hervir los huevos en una cazerola con agua.', '2\nCuando haya pasado 10 minutos, se pelan y se echan en una picadora, junto con los palitos de cangrejo.', '3\nSe pica todo hasta que quede una pasta y se saca de la picadora.', '4\nSe mezcla con la mayonesa para que sea una pasta para untar i se pone encima de las tostadas.']","Valoración: 3,9 (36 votos)",4 comensales,45m,Entrante,Dificultad baja,"['1 paquete de Tostadas', '2 unidades de Huevos', '3 unidades de Surimi o Palitos de cangrejo', '1 tarro de Mayonesa']",https://www.recetasgratis.net/receta-de-pate-de-huevo-y-palitos-de-cangrejo-32818.html,,[]
mofongo relleno de camarones,,"['1\nNecesitas 5 platanos verdes, los los picasen ruedas y luego fries todos en aceite.', '2\nPreparas los camarones adobados con ajo molido y unas gotitas de limon,sal y pimienta agusto en un sarten con aceite de oliva.', '3\nMientras estan los camarones majas los platanos en un envase y ases bolitas pero en el medio dejandole un espacio para poder rellenarla de los camarones.', '4\n(Preferible comer con esalada) almenos deve darte para unas 3 bolitas medianas']","Valoración: 3,8 (28 votos)",,,,Dificultad alta,"['5 platanos verdes', 'Camarones', 'Ajo molido', 'Limon', 'Sal', 'Pimienta', 'Aceite de oliva']",https://www.recetasgratis.net/receta-de-mofongo-relleno-de-camarones-32792.html,,
pate de rocio,,"['1\nPrimero cortar el hígado en trocitos pequeños y saltearlo en la paella con: aceite (no de oliva porque es muy fuerte y le deja mucho sabor), manteca (mucha), cebolla de verdeo, puerro y cebolla común.', '2\nAgregar pimienta, perejil y orégano.', '3\nUna vez que esta un poco cocido hecharle crema de leche, dejar que se termine de cocer y una vez cocido sacarlo del fuego.', '4\nColarlo, así de esa manera se va en el liquido el jugo amargo del hígado.', '5\nProcesarlo con un poquito de gelatina sin sabor y el queso crema (queso Philadelphia).', '6\nVolcarlo en un molde con papel film, y llevar a la heladera por unas horas.', '7\nAcompañarlo con tostaditas con oliva, tomate y albaca; o tostaditas con pesto al horno.']","Valoración: 3,3 (18 votos)",,,,Dificultad media,"['800 gr. de higado', '200 gr. de manteca', 'aceite', 'perejil', 'pimienta', 'oregano', 'sal a gusto', '300 gr. de cebolla de verdeo', '300 gr. de puerro', '2 cebollas comunes', '500 cm3 de crema de leche', '500 gr. de queso crema', 'medio sobre de gelatina sin sabo']",https://www.recetasgratis.net/receta-de-pate-de-rocio-32667.html,,
higaditos de pollo a la cerveza,,"['1\nEn una sarten se coloca el aceite, ya caliente se agrega la cebolla y se frie durante 1 minuto junto con los ajos.', '2\nLuego se agregan los higaditos y los chiles cuaresmeños,ya que se estan cociendo,se agregan todos los ingredientes ex- cepto la cerveza que seagrega al final.', '3\nTapar la sarten hasta que se consuman totalmente los liquidos. por precaucion mover constantemente para evitar que se peguen.', '4\nServirlos de preferencia frios.']","Valoración: 3,3 (18 votos)",,,,Dificultad alta,"['1 Kg de higaditos( perfectamente limpios)', '1 kg. de cebolla, en rebanadas', '2 Dientes de ajo, picaditos', '3 Chiles cuaresmeños, en rajas y sin semillas', '2 Cucharadas de aceite', '1 Cucharada de jugo magui', '1 Cucharada de salsa de soya', '1 Cucharada de salsa inglesa', 'Sal y pimienta al gusto', '1 Vaso de cerveza']",https://www.recetasgratis.net/receta-de-higaditos-de-pollo-a-la-cerveza-32437.html,,
bocadillos de atún,,"['1\nLa lechuga(previamente cortada de manera fileteada), mayonesa (2 cucharadas o al gusto), atún, y el queso se mezclan en un recipiente; posteriormente se hierve el pollo y una vez listo se desebra y se agrega a la ensalada, luego se agrega el jamón y el queso; una vez hecho esto se come con galletas o tostadas.']","Valoración: 3,6 (21 votos)",,,,Dificultad alta,"['De 4 a 6 personas', '1 paquete de galletas saladas, Habaneras o tostadas', '1/2 lechuga chica', '1 mayonesa', '1 atún en agua', '1/4 de queso panela en cubos', '1/2 pechuga de pollo', '1/4 de jamón de pavo en cubos']",https://www.recetasgratis.net/receta-de-bocadillos-de-atun-32356.html,,
mojo canario de naranjas,,"['1\nEl mojo canario de naranjas tiene su origen en la isla de Gran Canaria donde se elabora con naranjas amargas.', '2\nVaya colocando los ingredientes en la batidora ( aunque la receta original sería machacar en mortero) el ajo troceado, los pimientos cortados las hojas del perejil, la sal ,el comino la pimienta verde ,el pimiento.', '3\nBata un poco y luego añada el zumo de naranja.', '4\nSe hará una masa homogénea ¡ Que aproveche!']","Valoración: 3,3 (10 votos)",,,,Dificultad baja,"['1 cabeza de ajos', '1/2 cucharada de sal', '1/2 cucharada de cominos', '1 cucharadita de pimienta verde', '1/2 Pimienta verde', 'un poquito de perejil', 'el zumo de 2 naranjas ( al gusto dulces o amargas)']",https://www.recetasgratis.net/receta-de-mojo-canario-de-naranjas-32348.html,,
Quiche Lorraine,"La quiche lorraine que te proponemos desde RecetasGratis.net juega con los sabores del queso emmental y del bacon, aunque la receta original de Francia admite variantes. Las quiches son muy populares y funcionan como entrante o plato principal, sin duda una muy buena opción para llevarse en el tupper de la oficina.","['1\nPreparamos los ingredientes para la elaboración de este pastel salado de queso y bacon. Si quieres optar por una versión más ligera, puedes sustituir la nata líquida por leche evaporada. El bacon puedes comprarlo ya en dados o en tiras.', '2\nPrimero freímos el bacon. Vértelo en una sartén sin aceite, ya que es más saludable que se cueza en su propia grasa. Retíralo del fuego cuando esté doradito y deshecha el aceite.', '3\nExtendemos la base de masa brisa, que es la que se suele utilizar para las quiches, en un molde desmontable, al que previamente habremos untado un poco de aceite. Con los dedos moldearemos la pasta para formar el borde, y con un tenedor agujerearemos un poco la base para evitar que se hinche en el horno. Recuerda que puedes hacer la masa brisa de forma casera con la receta de masa para quiches.', '4\nA continuación preparamos el relleno de la quiche lorraine. Batimos durante unos minutos los tres huevos en un bol grande.', '5\nAñadimos el resto de ingredientes, la nata líquida, el bacon y el queso troceado. Es el momento también de echar un poco de pimienta negra, si te gusta, y algo de sal, pero ten en cuenta que el bacon ya es de por sí bastante salado. Removemos bien la mezcla.', '6\nLuego, vertemos la crema en el molde y la extendemos bien para que los ingredientes de la quiche lorraine se repartan de forma uniforme.', '7\nIntroducimos este pastel salado en el horno -previamente calentado- y dejaremos que se cueza a 200ºC. durante unos 40 minutos. Pasado este tiempo, está lista para servir. Acompaña la quiche Lorraine de un buen vino tinto y de una ensalada verde fresca.']","Valoración: 3,4 (79 votos)",4 comensales,45m,Entrante,Dificultad baja,"['1 unidad de Base masa brisa', '200 gramos de Bacon', '200 gramos de Queso emmental', '200 mililitros de Nata líquida', '3 unidades de Huevos', '1 pizca de Sal', '1 chorro de Aceite']",https://www.recetasgratis.net/receta-de-quiche-lorraine-32299.html,,['Recetas al horno']
pepito mixto,,"['1\nCalentar el pan.', '2\nCocinar el pollo la carne y la tocineta,cuando el pan este caliente agregarle el polllo la carne y la tocinetaponerle las papitas y salsas.']","Valoración: 3,5 (56 votos)",,,,Dificultad baja,"['Carne picada', 'Pollo picado', 'Tocineta', 'Pan de canilla', 'Salsas', 'Papitas de perros calientes']",https://www.recetasgratis.net/receta-de-pepito-mixto-32264.html,,
enchiladas verecruzanas,,"['1\nYa tenemos la masa y hacemos una tortilla ya que la tortilla este cocida ponemos la carne en medio de la tortilla y la enrollamos como si fuera una flauta ya que tenemos las tortillas enrolladas enpesamos con la preparacion de la salsa, metemos en la licuadora los chiles y los tomates los licuamos y en un sarten.', '2\nPonemis bastante aceite para ferir la salsa en otro sarten ponemos los tacos con la lechuga cortada ariba de la lechuga ponemos el queso y vaseamos la salsa ariba de el queso lo tapamos y lo metemos al horno arpoccimadamente 20 minutos y listo para comer.']","Valoración: 3,9 (99 votos)",,,,Dificultad media,"['1kg de masa para tortillas', '10 chiles jalapeños', '1/2kg de queso fresco', '1/2kg carne para desevrar', '1/2 lechuga', '4 tomate']",https://www.recetasgratis.net/receta-de-enchiladas-verecruzanas-32077.html,,
Pincho Veraniego,,"['1\nSe parte la patata, dejando un pedazo como base del Pincho.', '2\nSe coloca encima un trozo de bonito, una rodaja de tomate y una gamba cocida.', '3\nPor último, se aliña con aceite y vinagre.']",Valoración: 4 (9 votos),,,,,"['Patata cocida', 'bonito', 'tomate', 'gamba', 'aceite de oliva', 'vinagre']",https://www.recetasgratis.net/receta-de-pincho-veraniego-31979.html,,
Montadito de Pollo verde,,"['1\nFreír las pechugas del pollo y desmigarlas.', '2\nLimpiar bien la lechuga, picarla y dejar que se seque bien.', '3\nElaborar la mahonesa con huevo, limón vinagre y sal.', '4\nMezclar todo y colocar sobre una rodaja de pan.']",Valoración: 4 (3 votos),,,,,"['Pollo', 'lechuga', 'mahonesa.']",https://www.recetasgratis.net/receta-de-montadito-de-pollo-verde-31964.html,,
Montadito de Bacalao Gros,,"['1\nFreír el bacalao con bastante cebolla, un poco de ajo y perejil.', '2\nElaborar la mahonesa con huevo, limón, vinagre y sal.', '3\nUna vez frío, desmigar el bacalao y cortar en trocitos el pimiento.', '4\nMezclar estos dos ingredientes.', '5\nUntar con mahonesa una rodaja de pan y colocar la mezcla encima.']","Valoración: 4,1 (8 votos)",,,,,"['Bacalao', 'pimiento del piquillo', 'mahonesa.']",https://www.recetasgratis.net/receta-de-montadito-de-bacalao-gros-31965.html,,
Pincho Gilda Ugari,,"['1\nInsertamos varias guindillas en un palillo.', '2\nDespués introducimos en él una aceituna, una anchoa y un trozo de bonito y lo aliñamos con salsa vinagreta.']",Valoración: 5 (2 votos),,,,,"['Bonito', 'guindillas', 'anchoas', 'aceitunas', 'salsa vinagreta (cebolla, pimientos rojos y verdes, aceite, vinagre y sal).']",https://www.recetasgratis.net/receta-de-pincho-gilda-ugari-31960.html,,
Montaditos de bacalao al ajo tostado,,"['1\nSe trocea finamente abundante cebolla y pimiento verde y se pocha, durante mucho tiempo a fuego muy lento con el bacalao desmigado y el ajo confitado.', '2\nPara confitar el ajoSe cogen abundantes ajos y sin pelar, se ponen a fuego muy lento durante unas 5 horas.', '3\nSobre una base de pan tostado, se pone una porción del bacalao pochado con la cebolla, el pimiento y el ajo confitado. Sobre esto se adorna con una mahonesa hecha, así mismo, con ajo confitado y se meten al grill durante 4 minutos para gratinar.']","Valoración: 3,3 (18 votos)",,,,,"['Bacalao desmigado y desalado', 'Ajo', 'Cebolla', 'Pimiento verde', 'Pan tostado']",https://www.recetasgratis.net/receta-de-montaditos-de-bacalao-al-ajo-tostado-31939.html,,
Pincho Gildas,,"['1\nSe engarzan en un palillo la anchoa en salazón con 3 ó 4 guindillas (previamente preparadas en sus vinagres), y las aceitunas deshuesadas.']","Valoración: 3,3 (18 votos)",,,,,"['Guindillas (tiernas y, a poder ser, de la costa)', 'anchoas en salazón', 'aceitunas deshuesadas']",https://www.recetasgratis.net/receta-de-pincho-gildas-31940.html,,
Pincho de Huevo relleno,,"['1\nSe parte el huevo duro por la mitad y se le quita la yema para, en su lugar, meter bonito desmigado.', '2\nSe cubre con mahonesa y se decora con la yema de huevo rallada.', '3\nSe termina el Pincho con una gamba y una aceituna pinchada con un palillo sobre el huevo.']","Valoración: 3,4 (9 votos)",,,,,"['Huevo', 'bonito', 'mahonesa', 'gamba', 'aceituna rellena de anchoa']",https://www.recetasgratis.net/receta-de-pincho-de-huevo-relleno-31932.html,,
Paté con anchoa,,"['1\nSe tuesta el pan de molde y se le da forma.', '2\nSe unta el paté y se cubre con anchoas.']",Valoración: 4 (4 votos),,,,,"['Pan de molde', 'paté', 'anchoa.']",https://www.recetasgratis.net/receta-de-pate-con-anchoa-31933.html,,
Degustación de salmón en canapé,,"['1\nSe unta el pan con matequilla.', '2\nSe coloca encima el salmón ahumado cortado muy fino y rociado con un chorrito de limón.']",,,,,,"['Pan de molde', 'Mantequilla', 'Limón', 'Salmón']",https://www.recetasgratis.net/receta-de-degustacion-de-salmon-en-canape-31928.html,,
Mntadito Kontxi,,"['1\nSe macera el salmón en aceite durante unas horas.', '2\nSe escurre y se coloca sobre el pan.', '3\nSe coloca la patata encima y sobre ésta la mahonesa y una ramita de perejil.']",Valoración: 4 (9 votos),,,,,"['Pan frito', 'salmón fresco', 'patata cocida', 'mahonesa', 'perejil.']",https://www.recetasgratis.net/receta-de-mntadito-kontxi-31924.html,,
Montadito de Foie con mousse de piquillo,,"['1\nSobre una tosta colocamos el foie y lo cubrimos con una mousse hecha batiendo mahonesa y pimientos del piquillo.', '2\nPor último se decora con la punta de un espárrago triguero.']","Valoración: 2,6 (11 votos)",,,,,"['Foie', 'pimientos del piquillo', 'espárragos', 'y mahonesa.']",https://www.recetasgratis.net/receta-de-montadito-de-foie-con-mousse-de-piquillo-31918.html,,
Pincho peli,,"['1\nSe pican los puerros, las zanahorias, la cebolla, los ajos y el tomate y se echan a una cazuela en la que tendremos mantequilla y aceite muy caliente.', '2\nCuando esté casi hecho, se añade una copita de Oporto, la pimienta y los mejillones.', '3\nDejamos que se termine de hacer y lo servimos en tartaletas.']",Valoración: 4 (1 voto),,,,,"['Mejillones', 'puerros', 'tomate', 'zanahoria', 'cebolla', 'ajo', 'vino de Oporto', 'pimienta blanca', 'mantequilla', 'tartaletas', 'aceite de oliva.']",https://www.recetasgratis.net/receta-de-pincho-peli-31900.html,,
Pincho de Bonito a lo Roberto,,"['1\nSe pincha en un palillo el bonito en escabeche y una aceituna.', '2\nSe cubre con una vinagreta hecha con el resto de los ingredientes.']","Valoración: 3,3 (18 votos)",,,,,"['Bonito', 'aceitunas', 'pimiento rojo y', 'pimiento verde', 'cebolla', 'ajo', 'aceite', 'vinagre']",https://www.recetasgratis.net/receta-de-pincho-de-bonito-a-lo-roberto-31897.html,,
Croquetas de marisco con gambas,,"['1\nCocer las gambas.', '2\nHacer los mejillones al vapor.', '3\nPreparar las vieiras en mantequilla con chalota, sal, pimienta y vino blanco.', '4\nUna vez hechas, añadir el sapo en dados.', '5\nPor otro lado, se hacen los hongos y, cuando están hechos, se mezclan con todo lo anterior y se tritura todo.', '6\nHacer una bechamel con la leche y un poco del jugo de los guisos de los mariscos.', '7\nMezclar la bechamel con los mariscos, rebozar y freír.']","Valoración: 2,4 (11 votos)",,,,,"['gambas', 'mejillones', 'vieiras', 'hongos o champiñones (según temporada)', 'y sapo.', 'tres cucharadas de harina', 'mantequilla', 'y un litro de leche', 'Chalota', 'vino blanco', 'pimienta']",https://www.recetasgratis.net/receta-de-croquetas-de-marisco-con-gambas-31892.html,,
Croquetas de oca,,"['1\nTriturar la carne de oca. Por otra parte, hacer una bechamel con la mantequilla y la leche.', '2\nUna vez hecha, mezclarla con la carne de oca en cantidad suficiente hasta que tome un color crema. Rebozar y freír.']","Valoración: 3,3 (18 votos)",,,,,"['Carne de oca', 'Tres cucharadas de harina', '130 gr. de mantequilla', 'Un litro de leche', 'Sal', 'Pimienta']",https://www.recetasgratis.net/receta-de-croquetas-de-oca-31891.html,,
Montadito de Bacon ahumado,,"['1\nSe reboza el calabacín y se fríe en abundante aceite caliente.', '2\nPor otra parte, se pasan el bacon y los pimientos por la sartén.', '3\nSe cortan estos últimos en tiras.', '4\nSe hacen unas rabas de cebolla y se colocan sobre el pan.']","Valoración: 4,1 (10 votos)",,,,,"['Calabacín o berenjena', 'bacon', 'pimiento del piquillo', 'cebolla', 'pan.']",https://www.recetasgratis.net/receta-de-montadito-de-bacon-ahumado-31877.html,,
Pincho de Riñones,,"['1\nSe trocean los riñones, quitando todo el sebo. Se fríen los riñones y el bacon.', '2\nSe ponen en un palillo un trozo de riñón y un trozo de bacon, intercaladamente, hasta completar el palillo.']","Valoración: 3,5 (4 votos)",,,,,"['Riñones', 'Bacon']",https://www.recetasgratis.net/receta-de-pincho-de-rinones-31868.html,,
Montadito de Cocktail de gambas,,"['1\nSe pican todos los ingredientes y se mezclan con la mahonesa.', '2\nSe coloca sobre una rebanada de pan y se adorna con una cola de gamba cocida y pelada.']","Valoración: 3,3 (18 votos)",,,,,"['Lechuga', 'Chatka', 'Gambas cocidas', 'Clara de huevo cocido', 'Mahonesa']",https://www.recetasgratis.net/receta-de-montadito-de-cocktail-de-gambas-31861.html,,
Pincho Cruzado,,"['1\nMontamos sobre el pan tostado el pimiento verde, una rodaja de huevo cocido, dos anchoas y una gamba.', '2\nPor último, se decora con mahonesa.']","Valoración: 3,3 (18 votos)",,,,,"['Pan tostado', 'pimiento verde', 'huevo cocido', 'anchoas en aceite', 'gambas cocidas', 'mahonesa.']",https://www.recetasgratis.net/receta-de-pincho-cruzado-31834.html,,
Montadito Cesta,,"['1\nPreparamos una ensaladilla con el huevo cocido, el bonito en aceite y la cebolla .Después, la adornamos con una gamba picadita, una anchoa y yema de huevo rallado.']","Valoración: 3,3 (18 votos)",,,,,"['Pan', 'Cebolla', 'Bonito', 'Gamba', 'Huevo', 'Anchoa', 'Mahonesa']",https://www.recetasgratis.net/receta-de-montadito-cesta-31823.html,,
Pincho Urbasa,,"['1\nSe coloca una loncha de jamón sobre el pan tostado.', '2\nEncima colocamos la chatka y, por último, la gamba cocida.', '3\nA todo ello se le añade un chorrito de mahonesa suave.']",Valoración: 4 (10 votos),,,,,"['Pan tostado', 'salmón', 'chatka', 'gamba cocida', 'mahonesa.']",https://www.recetasgratis.net/receta-de-pincho-urbasa-31818.html,,
Pincho tucho,,['1\nAbrimos los croissants por la mitad y rellenamos unos de chorizo y otros de jamón y queso.'],"Valoración: 3,7 (11 votos)",,,,,"['Croissants pequeños', 'jamón de York', 'queso', 'chorizo de Salamanca']",https://www.recetasgratis.net/receta-de-pincho-tucho-31802.html,,
